step	name	exit	wall_s
train	smoke_utae_focal	0	537
eval_test	smoke_utae_focal	0	32
eval_last_only_1	smoke_utae_focal	0	7
eval_uniform_2	smoke_utae_focal	0	7
eval_uniform_5	smoke_utae_focal	0	8
eval_uniform_10	smoke_utae_focal	0	11
train	smoke_bench_utae_seq2seq	0	556
eval_test	smoke_bench_utae_seq2seq	0	32
train	smoke_bench_unet3d	0	438
eval_test	smoke_bench_unet3d	0	21
train	smoke_bench_tsvit	0	1041
eval_test	smoke_bench_tsvit	0	56
train	smoke_bench_convlstm	0	915
eval_test	smoke_bench_convlstm	0	52
train	smoke_bench_convgru	0	881
eval_test	smoke_bench_convgru	0	54
train	smoke_bench_galileo	0	1016
eval_test	smoke_bench_galileo	0	85
train	smoke_bench_exchanger_unet	0	790
eval_test	smoke_bench_exchanger_unet	0	147
DONE
