label,experiment_name,index,file,stage,size_bin,area_ha,detection_day,ref_deter,ref_burn,ref_radd,latency_deter,latency_burn,latency_radd
SMOKE,smoke_early_deter,0,0000003_2021-01-29.pt,hansen_loss,0.5-2 ha,1.7,nan,nan,nan,418.0,nan,nan,nan
SMOKE,smoke_early_deter,2,0000013_2021-01-31.pt,hansen_loss,0.5-2 ha,0.6900000000000001,nan,nan,nan,398.0,nan,nan,nan
SMOKE,smoke_early_deter,4,0000021_2020-12-19.pt,hansen_loss,0.5-2 ha,1.67,nan,nan,nan,375.0,nan,nan,nan
SMOKE,smoke_early_deter,6,0000026_2020-07-15.pt,hansen_loss,0.5-2 ha,0.87,nan,nan,nan,394.0,nan,nan,nan
SMOKE,smoke_early_deter,8,0000029_2020-07-23.pt,hansen_loss,>2 ha,2.88,nan,nan,nan,402.0,nan,nan,nan
SMOKE,smoke_early_deter,10,0000042_2020-08-08.pt,hansen_loss,0.5-2 ha,1.81,nan,nan,nan,389.0,nan,nan,nan
SMOKE,smoke_early_deter,11,0000047_2021-03-04.pt,hansen_loss,0.5-2 ha,1.22,nan,nan,nan,375.0,nan,nan,nan
SMOKE,smoke_early_deter,13,0000063_2021-10-23.pt,hansen_loss,0.5-2 ha,1.11,nan,nan,nan,409.0,nan,nan,nan
SMOKE,smoke_early_deter,14,0000073_2021-06-22.pt,hansen_loss,0.5-2 ha,0.75,nan,nan,nan,400.0,nan,nan,nan
SMOKE,smoke_early_deter,16,0000079_2021-07-28.pt,hansen_loss,0.5-2 ha,1.35,nan,nan,nan,392.0,nan,nan,nan
SMOKE,smoke_early_deter,21,0000106_2021-01-30.pt,hansen_loss,>2 ha,2.39,nan,nan,nan,377.0,nan,nan,nan
SMOKE,smoke_early_deter,22,0000118_2021-07-13.pt,hansen_loss,0.5-2 ha,1.5,nan,nan,nan,382.0,nan,nan,nan
SMOKE,smoke_early_deter,24,0000126_2020-12-22.pt,hansen_loss,0.5-2 ha,1.53,nan,nan,nan,391.0,nan,nan,nan
SMOKE,smoke_early_deter,25,0000129_2020-09-17.pt,hansen_loss,0.5-2 ha,1.17,nan,nan,nan,367.0,nan,nan,nan
SMOKE,smoke_early_deter,26,0000144_2020-11-29.pt,hansen_loss,0.5-2 ha,1.18,nan,nan,nan,379.0,nan,nan,nan
SMOKE,smoke_early_deter,27,0000145_2020-10-21.pt,hansen_loss,0.5-2 ha,0.63,nan,nan,nan,382.0,nan,nan,nan
SMOKE,smoke_early_deter,28,0000149_2020-12-06.pt,hansen_loss,0.5-2 ha,1.28,nan,nan,nan,380.0,nan,nan,nan
SMOKE,smoke_early_deter,29,0000160_2021-06-06.pt,hansen_loss,0.5-2 ha,1.05,nan,nan,nan,401.0,nan,nan,nan
SMOKE,smoke_early_deter,31,0000165_2021-09-06.pt,hansen_loss,0.5-2 ha,0.51,nan,nan,nan,406.0,nan,nan,nan
SMOKE,smoke_early_deter,36,0000194_2020-09-05.pt,hansen_loss,0.5-2 ha,1.86,nan,nan,nan,363.0,nan,nan,nan
SMOKE,smoke_early_deter,38,0000215_2021-02-18.pt,hansen_loss,0.5-2 ha,1.05,nan,nan,nan,400.0,nan,nan,nan
SMOKE,smoke_early_deter,40,0000242_2021-06-07.pt,hansen_loss,0.5-2 ha,1.28,nan,nan,nan,378.0,nan,nan,nan
SMOKE,smoke_early_deter,44,0000275_2021-04-04.pt,hansen_loss,0.5-2 ha,0.67,nan,nan,nan,379.0,nan,nan,nan
SMOKE,smoke_early_deter,45,0000277_2021-10-28.pt,hansen_loss,0.5-2 ha,0.78,nan,nan,nan,398.0,nan,nan,nan
SMOKE,smoke_early_deter,48,0000285_2021-06-29.pt,hansen_loss,>2 ha,2.63,nan,nan,nan,368.0,nan,nan,nan
SMOKE,smoke_early_deter,52,0000310_2021-06-20.pt,hansen_loss,0.5-2 ha,1.57,nan,nan,nan,386.0,nan,nan,nan
SMOKE,smoke_early_deter,54,0000314_2020-11-20.pt,hansen_loss,0.5-2 ha,0.71,nan,nan,nan,394.0,nan,nan,nan
SMOKE,smoke_early_deter,59,0000338_2020-08-14.pt,hansen_loss,0.5-2 ha,0.98,nan,nan,nan,382.0,nan,nan,nan
SMOKE,smoke_early_deter,66,0000381_2020-11-25.pt,hansen_loss,0.5-2 ha,0.99,nan,nan,nan,376.0,nan,nan,nan
SMOKE,smoke_early_deter,68,0000386_2021-02-08.pt,hansen_loss,0.5-2 ha,1.84,nan,nan,nan,375.0,nan,nan,nan
SMOKE,smoke_early_deter,75,0000424_2020-10-07.pt,hansen_loss,>2 ha,2.5500000000000003,nan,nan,nan,381.0,nan,nan,nan
SMOKE,smoke_early_deter,76,0000435_2020-12-12.pt,hansen_loss,0.5-2 ha,0.8300000000000001,nan,nan,nan,385.0,nan,nan,nan
SMOKE,smoke_early_deter,77,0000437_2020-09-29.pt,hansen_loss,>2 ha,2.79,nan,nan,nan,385.0,nan,nan,nan
