label,experiment_name,reference,level,stratum_type,stratum,offset_days,recall,n,n_no_reference
SMOKE,smoke_early_deter,deter,event,all,all,0,0.0,33,0
SMOKE,smoke_early_deter,deter,event,all,all,12,0.0,33,0
SMOKE,smoke_early_deter,deter,event,all,all,24,0.0,33,0
SMOKE,smoke_early_deter,deter,event,all,all,48,0.0,33,0
SMOKE,smoke_early_deter,deter,event,all,all,90,0.0,33,0
SMOKE,smoke_early_deter,deter,event,stage,burn_scar,0,0.0,6,0
SMOKE,smoke_early_deter,deter,event,stage,burn_scar,12,0.0,6,0
SMOKE,smoke_early_deter,deter,event,stage,burn_scar,24,0.0,6,0
SMOKE,smoke_early_deter,deter,event,stage,burn_scar,48,0.0,6,0
SMOKE,smoke_early_deter,deter,event,stage,burn_scar,90,0.0,6,0
SMOKE,smoke_early_deter,deter,event,stage,exposed_soil,0,0.0,17,0
SMOKE,smoke_early_deter,deter,event,stage,exposed_soil,12,0.0,17,0
SMOKE,smoke_early_deter,deter,event,stage,exposed_soil,24,0.0,17,0
SMOKE,smoke_early_deter,deter,event,stage,exposed_soil,48,0.0,17,0
SMOKE,smoke_early_deter,deter,event,stage,exposed_soil,90,0.0,17,0
SMOKE,smoke_early_deter,deter,event,stage,vegetation_remaining,0,0.0,10,0
SMOKE,smoke_early_deter,deter,event,stage,vegetation_remaining,12,0.0,10,0
SMOKE,smoke_early_deter,deter,event,stage,vegetation_remaining,24,0.0,10,0
SMOKE,smoke_early_deter,deter,event,stage,vegetation_remaining,48,0.0,10,0
SMOKE,smoke_early_deter,deter,event,stage,vegetation_remaining,90,0.0,10,0
SMOKE,smoke_early_deter,deter,event,size_bin,0.5-2 ha,0,0.0,28,0
SMOKE,smoke_early_deter,deter,event,size_bin,0.5-2 ha,12,0.0,28,0
SMOKE,smoke_early_deter,deter,event,size_bin,0.5-2 ha,24,0.0,28,0
SMOKE,smoke_early_deter,deter,event,size_bin,0.5-2 ha,48,0.0,28,0
SMOKE,smoke_early_deter,deter,event,size_bin,0.5-2 ha,90,0.0,28,0
SMOKE,smoke_early_deter,deter,event,size_bin,>2 ha,0,0.0,5,0
SMOKE,smoke_early_deter,deter,event,size_bin,>2 ha,12,0.0,5,0
SMOKE,smoke_early_deter,deter,event,size_bin,>2 ha,24,0.0,5,0
SMOKE,smoke_early_deter,deter,event,size_bin,>2 ha,48,0.0,5,0
SMOKE,smoke_early_deter,deter,event,size_bin,>2 ha,90,0.0,5,0
SMOKE,smoke_early_deter,deter,pixel,all,all,0,0.0,4582,0
SMOKE,smoke_early_deter,deter,pixel,all,all,12,0.0,4582,0
SMOKE,smoke_early_deter,deter,pixel,all,all,24,0.0,4582,0
SMOKE,smoke_early_deter,deter,pixel,all,all,48,0.0,4582,0
SMOKE,smoke_early_deter,deter,pixel,all,all,90,0.0,4582,0
SMOKE,smoke_early_deter,deter,pixel,stage,burn_scar,0,0.0,757,0
SMOKE,smoke_early_deter,deter,pixel,stage,burn_scar,12,0.0,757,0
SMOKE,smoke_early_deter,deter,pixel,stage,burn_scar,24,0.0,757,0
SMOKE,smoke_early_deter,deter,pixel,stage,burn_scar,48,0.0,757,0
SMOKE,smoke_early_deter,deter,pixel,stage,burn_scar,90,0.0,757,0
SMOKE,smoke_early_deter,deter,pixel,stage,exposed_soil,0,0.0,2249,0
SMOKE,smoke_early_deter,deter,pixel,stage,exposed_soil,12,0.0,2249,0
SMOKE,smoke_early_deter,deter,pixel,stage,exposed_soil,24,0.0,2249,0
SMOKE,smoke_early_deter,deter,pixel,stage,exposed_soil,48,0.0,2249,0
SMOKE,smoke_early_deter,deter,pixel,stage,exposed_soil,90,0.0,2249,0
SMOKE,smoke_early_deter,deter,pixel,stage,vegetation_remaining,0,0.0,1576,0
SMOKE,smoke_early_deter,deter,pixel,stage,vegetation_remaining,12,0.0,1576,0
SMOKE,smoke_early_deter,deter,pixel,stage,vegetation_remaining,24,0.0,1576,0
SMOKE,smoke_early_deter,deter,pixel,stage,vegetation_remaining,48,0.0,1576,0
SMOKE,smoke_early_deter,deter,pixel,stage,vegetation_remaining,90,0.0,1576,0
SMOKE,smoke_early_deter,deter,pixel,size_bin,0.5-2 ha,0,0.0,3258,0
SMOKE,smoke_early_deter,deter,pixel,size_bin,0.5-2 ha,12,0.0,3258,0
SMOKE,smoke_early_deter,deter,pixel,size_bin,0.5-2 ha,24,0.0,3258,0
SMOKE,smoke_early_deter,deter,pixel,size_bin,0.5-2 ha,48,0.0,3258,0
SMOKE,smoke_early_deter,deter,pixel,size_bin,0.5-2 ha,90,0.0,3258,0
SMOKE,smoke_early_deter,deter,pixel,size_bin,>2 ha,0,0.0,1324,0
SMOKE,smoke_early_deter,deter,pixel,size_bin,>2 ha,12,0.0,1324,0
SMOKE,smoke_early_deter,deter,pixel,size_bin,>2 ha,24,0.0,1324,0
SMOKE,smoke_early_deter,deter,pixel,size_bin,>2 ha,48,0.0,1324,0
SMOKE,smoke_early_deter,deter,pixel,size_bin,>2 ha,90,0.0,1324,0
SMOKE,smoke_early_deter,deter,pixel,edge_interior,edge,0,0.0,2903,0
SMOKE,smoke_early_deter,deter,pixel,edge_interior,edge,12,0.0,2903,0
SMOKE,smoke_early_deter,deter,pixel,edge_interior,edge,24,0.0,2903,0
SMOKE,smoke_early_deter,deter,pixel,edge_interior,edge,48,0.0,2903,0
SMOKE,smoke_early_deter,deter,pixel,edge_interior,edge,90,0.0,2903,0
SMOKE,smoke_early_deter,deter,pixel,edge_interior,interior,0,0.0,1679,0
SMOKE,smoke_early_deter,deter,pixel,edge_interior,interior,12,0.0,1679,0
SMOKE,smoke_early_deter,deter,pixel,edge_interior,interior,24,0.0,1679,0
SMOKE,smoke_early_deter,deter,pixel,edge_interior,interior,48,0.0,1679,0
SMOKE,smoke_early_deter,deter,pixel,edge_interior,interior,90,0.0,1679,0
