label,smoke,prodes_experiment,hansen_experiment,level,variant,stratum_type,stratum,iou_prodes_trained,iou_hansen_trained,iou_hansen_penalty,f1_prodes_trained,f1_hansen_trained,f1_hansen_penalty,precision_prodes_trained,precision_hansen_trained,precision_hansen_penalty,recall_prodes_trained,recall_hansen_trained,recall_hansen_penalty,mmu
SMOKE,True,smoke_labeldecomp_prodes,smoke_labeldecomp_hansen,pixel,with_or,all,all,0.9257081114312617,0.9259642958886843,-0.00025618445742259244,0.9614210024133087,0.9615591502481144,-0.00013814783480570192,0.9999333066393234,0.9713043752012583,0.02862893143806511,0.9257652706669276,0.9520075330582731,-0.026242262391345528,"MMU 0.01 ha (1 px of 10 m, 8-connected components)"
SMOKE,True,smoke_labeldecomp_prodes,smoke_labeldecomp_hansen,pixel,without_or,all,all,0.01795168634687116,0.24095010734890399,-0.22299842100203282,0.03527021289393855,0.3883316596196457,-0.35306144672570716,0.9965724070295009,0.8980414101344129,0.09853099689508804,0.017952794800667592,0.24772695697430222,-0.22977416217363464,"MMU 0.01 ha (1 px of 10 m, 8-connected components)"
SMOKE,True,smoke_labeldecomp_prodes,smoke_labeldecomp_hansen,patch,with_or,all,all,0.9567474031890183,0.9688581298116642,-0.012110726622645895,0.9778956658215815,0.984182775071735,-0.006287109250153522,0.9999999981916817,0.9999999982142858,-2.2604029759065725e-11,0.9567474031890183,0.9688581298116642,-0.012110726622645895,"MMU 0.01 ha (1 px of 10 m, 8-connected components)"
SMOKE,True,smoke_labeldecomp_prodes,smoke_labeldecomp_hansen,patch,without_or,all,all,0.05363321790028855,0.4204152241861328,-0.36678200628584423,0.10180623940293518,0.5919610217004604,-0.4901547822975252,0.9999999677419364,0.9999999958847737,-2.814283728280742e-08,0.05363321790028855,0.4204152241861328,-0.36678200628584423,"MMU 0.01 ha (1 px of 10 m, 8-connected components)"
SMOKE,True,smoke_labeldecomp_prodes,smoke_labeldecomp_hansen,pixel,with_or,size_bin,<0.5 ha,0.8728043608611743,0.8470810338589775,0.025723327002196816,0.9320827941571663,0.9172104723771978,0.014872321779968556,0.9998265392888418,0.9537279265935696,0.046098612695272156,0.8729365438629506,0.8833863394088465,-0.010449795545895868,"MMU 0.01 ha (1 px of 10 m, 8-connected components)"
SMOKE,True,smoke_labeldecomp_prodes,smoke_labeldecomp_hansen,pixel,with_or,size_bin,0.5-2 ha,0.9313959027886757,0.9397171396345286,-0.008321236845852953,0.9644795263698944,0.9689218292933977,-0.004442302923503227,0.9999488516955668,0.9788501276047441,0.021098724090822696,0.9314402782187946,0.9591929105493546,-0.027752632330560023,"MMU 0.01 ha (1 px of 10 m, 8-connected components)"
SMOKE,True,smoke_labeldecomp_prodes,smoke_labeldecomp_hansen,pixel,with_or,size_bin,>2 ha,0.9325350286443717,0.9232319639028258,0.009303064741545852,0.9650899101877997,0.9600838392898262,0.005006070897973447,0.9999338142166964,0.9588130270911277,0.04112078712556866,0.9325925925350251,0.9613580246320149,-0.028765432096989785,"MMU 0.01 ha (1 px of 10 m, 8-connected components)"
SMOKE,True,smoke_labeldecomp_prodes,smoke_labeldecomp_hansen,pixel,without_or,size_bin,<0.5 ha,0.000302800908356881,0.3390564131670673,-0.3387536122587104,0.0006054184953517729,0.5064109469870895,-0.5058055284917378,0.49999987500003124,0.877520537387035,-0.3775206623870037,0.00030289262451871986,0.35589883380949583,-0.3555959411849771,"MMU 0.01 ha (1 px of 10 m, 8-connected components)"
SMOKE,True,smoke_labeldecomp_prodes,smoke_labeldecomp_hansen,pixel,without_or,size_bin,0.5-2 ha,0.01681753215776995,0.22853435892153898,-0.21171682676376902,0.03307876118478757,0.37204390297695306,-0.33896514179216547,0.9971751398344983,0.8928312815991282,0.10434385823537018,0.016818333412339362,0.23498022773274144,-0.21816189432040206,"MMU 0.01 ha (1 px of 10 m, 8-connected components)"
SMOKE,True,smoke_labeldecomp_prodes,smoke_labeldecomp_hansen,pixel,without_or,size_bin,>2 ha,0.02808641975135269,0.2322228952009556,-0.2041364754496029,0.05463824676617973,0.37691702709625274,-0.322278780330073,0.9999999978021978,0.9251930499697892,0.0748069478324086,0.02808641975135269,0.2366666666520576,-0.20858024690070492,"MMU 0.01 ha (1 px of 10 m, 8-connected components)"
