epoch,train/loss,train/pixel_f1,train/pixel_iou,train/pixel_precision,train/pixel_recall,validation/loss,validation/pixel_f1,validation/pixel_iou,validation/pixel_precision,validation/pixel_recall
0,0.403475672006607,0.3276436030864715,0.1959173381328582,0.4680116176605224,0.2520482242107391,0.3264387249946594,0.4451101422309875,0.2862647473812103,0.6352851390838623,0.3425627052783966
1,0.3382326662540436,0.4459375739097595,0.2869496047496795,0.6200345754623413,0.3481749594211578,0.3142242133617401,0.476858526468277,0.3130756616592407,0.6737490296363831,0.369019478559494
2,0.323798656463623,0.4933294355869293,0.3274301886558532,0.6480709910392761,0.3982405066490173,0.3027354478836059,0.533507227897644,0.363798052072525,0.6729175448417664,0.4419476389884949
3,0.3141558170318603,0.5163807272911072,0.3480547666549682,0.6632274985313416,0.4227734804153442,0.3024850189685821,0.6063763499259949,0.4351076781749725,0.6041356325149536,0.608633816242218
4,0.3095355927944183,0.5309041142463684,0.3613815009593963,0.6682097911834717,0.4404078125953674,0.2975425720214844,0.589151918888092,0.4175871014595032,0.6603525280952454,0.5318109393119812
5,0.3044621348381042,0.5416874885559082,0.3714481592178345,0.6750501394271851,0.4523261189460754,0.3254106938838959,0.5539149641990662,0.383044570684433,0.6150783896446228,0.5038155317306519
6,0.3024629652500152,0.5470329523086548,0.3764937222003937,0.6806011199951172,0.4572897553443908,0.2983533143997192,0.4835976958274841,0.3189111948013305,0.7328171133995056,0.3608711659908294
7,0.2976093292236328,0.5549622774124146,0.3840469121932983,0.6792786717414856,0.469109445810318,0.2954979538917541,0.5259433388710022,0.3567999303340912,0.7122458815574646,0.4168956875801086
8,0.2959451675415039,0.5629892349243164,0.3917780220508575,0.6831938028335571,0.4787546992301941,0.2817809283733368,0.5725416541099548,0.4010916650295257,0.6997659206390381,0.4844617843627929
9,0.2940647006034851,0.5646315813064575,0.393370509147644,0.6862841844558716,0.4796139299869537,0.2815867364406585,0.5914717316627502,0.4199218153953552,0.6748641133308411,0.5264222621917725
10,0.2927688658237457,0.5707134008407593,0.3992995023727417,0.686809778213501,0.48819100856781,0.2810769081115722,0.6021873354911804,0.4308069050312042,0.676945149898529,0.5422990322113037
11,0.2911550104618072,0.5735806226730347,0.4021121561527252,0.6868616342544556,0.4923753142356872,0.2922254502773285,0.4992934763431549,0.3327055871486664,0.717007577419281,0.3829987049102783
12,0.2897785902023315,0.5759561657905579,0.4044511318206787,0.687231719493866,0.4956940710544586,0.2839809060096741,0.5209181904792786,0.3521902561187744,0.7303053140640259,0.4048445224761963
13,0.2873384058475494,0.5809576511383057,0.4094012081623077,0.6890889406204224,0.5021591782569885,0.2819969058036804,0.6096642017364502,0.4385013878345489,0.6610179543495178,0.5657144784927368
14,0.2852677702903747,0.583868682384491,0.4122984111309051,0.6902827024459839,0.5058819055557251,0.2824372947216034,0.6040030121803284,0.4326678812503814,0.6649801731109619,0.5532695055007935
15,0.2835760116577148,0.5872660279273987,0.4156947135925293,0.6914644837379456,0.5103588104248047,0.2776112556457519,0.596430242061615,0.4249380826950073,0.6872732043266296,0.5267986059188843
16,0.2828355133533478,0.588769257068634,0.4172026813030243,0.6919379830360413,0.5123737454414368,0.2808772027492523,0.5707501173019409,0.3993354141712188,0.6851256489753723,0.489099383354187
17,0.2809889912605285,0.5923634767532349,0.4208213090896606,0.6933599710464478,0.5170488357543945,0.2749660909175873,0.5971099734306335,0.4256284832954407,0.6922963261604309,0.5249347686767578
18,0.2801965177059173,0.5938306450843811,0.4223037958145141,0.6937100887298584,0.5190924406051636,0.2717108428478241,0.6069995760917664,0.435749739408493,0.6890246272087097,0.5424262881278992
19,0.2777478396892547,0.5974098443984985,0.425933301448822,0.6955851316452026,0.5235199332237244,0.273257315158844,0.5944223999977112,0.4229025542736053,0.7002230882644653,0.5163969993591309
20,0.2770909965038299,0.6002103686332703,0.4287860989570617,0.6956790089607239,0.5277823209762573,0.2711663544178009,0.5910045504570007,0.419450968503952,0.7095001339912415,0.5064250826835632
21,0.2764231264591217,0.6012874841690063,0.4298864006996155,0.6955927610397339,0.5295002460479736,0.2737092971801758,0.5940608978271484,0.4225367605686188,0.7003136277198792,0.5158025622367859
22,0.2752273082733154,0.6023213267326355,0.4309440851211548,0.6969289779663086,0.5303294658660889,0.2746710479259491,0.5773764848709106,0.4058533608913421,0.7121244072914124,0.4855087399482727
23,0.2729416191577911,0.6046068072319031,0.4332877993583679,0.6983199119567871,0.5330699682235718,0.2792721688747406,0.545796275138855,0.3753231167793274,0.7168148159980774,0.4406624734401703
24,0.2718750238418579,0.6087225675582886,0.4375277757644653,0.7001140713691711,0.5384361147880554,0.2722606956958771,0.6042171716690063,0.4328876733779907,0.6937013268470764,0.5351813435554504
25,0.2604031562805176,0.6313663125038147,0.461311399936676,0.7095151543617249,0.5687246918678284,0.2672842442989349,0.5982239246368408,0.4267613887786865,0.7108781933784485,0.5163905024528503
26,0.2584144175052643,0.6342801451683044,0.4644291698932647,0.7100014090538025,0.5731536149978638,0.2670824527740478,0.5911338925361633,0.4195813238620758,0.7188721299171448,0.5019424557685852
27,0.2571850121021271,0.634904146194458,0.4650986194610595,0.7116877436637878,0.5730754137039185,0.2674362361431122,0.6227734684944153,0.452193945646286,0.6816399693489075,0.5732661485671997
28,0.2554547786712646,0.6378181576728821,0.4682327806949615,0.7101153135299683,0.5788819193840027,0.2660742402076721,0.5997994542121887,0.4283668100833893,0.7118870615959167,0.5182070136070251
29,0.2554694414138794,0.6379846334457397,0.4684122502803802,0.7130252718925476,0.5772349834442139,0.2660925984382629,0.6115424036979675,0.4404472708702087,0.6988270282745361,0.5436407923698425
30,0.2539333701133728,0.640184223651886,0.4707874655723572,0.7127707600593567,0.5810152888298035,0.2674837112426758,0.6094405055046082,0.4382699728012085,0.6985861659049988,0.540471613407135
31,0.2539308369159698,0.6411606073379517,0.4718443155288696,0.7134103775024414,0.5821990966796875,0.2666336596012115,0.6207268238067627,0.4500390589237213,0.684900164604187,0.567548930644989
32,0.2547913491725921,0.6395508646965027,0.4701027572154999,0.7129488587379456,0.5798549056053162,0.2671983540058136,0.5905085802078247,0.418951541185379,0.7175265550613403,0.5016971826553345
33,0.2529056072235107,0.6425827741622925,0.4733863174915313,0.7148563861846924,0.583581268787384,0.2696723341941833,0.5991683602333069,0.4277233481407165,0.707953929901123,0.519362211227417
34,0.2515966892242431,0.6434875726699829,0.4743691086769104,0.7139741778373718,0.5856679081916809,0.265572726726532,0.6206320524215698,0.4499394297599792,0.6836566925048828,0.5682467222213745
35,0.2514849007129669,0.6442080736160278,0.4751525819301605,0.7153952717781067,0.5859060287475586,0.2663916349411011,0.617426335811615,0.4465775489807129,0.687706470489502,0.5601789355278015
36,0.2518068253993988,0.6444892287254333,0.4754585921764374,0.7146296501159668,0.5868867039680481,0.2685815393924713,0.6222642660140991,0.4516572058200836,0.6827806234359741,0.571601927280426
37,0.2518658339977264,0.6439555287361145,0.4748778939247131,0.7140363454818726,0.5864017009735107,0.2667663097381592,0.6242639422416687,0.4537672102451324,0.6751848459243774,0.5804850459098816
38,0.2503314316272735,0.6461039781570435,0.4772183001041412,0.7138029336929321,0.5901340842247009,0.2657560408115387,0.6155610680580139,0.4446285665035248,0.6932599544525146,0.5535235404968262
39,0.2496609985828399,0.647323727607727,0.4785503447055816,0.7155941724777222,0.5909451842308044,0.2668194472789764,0.6105526089668274,0.4394212067127228,0.6939647197723389,0.5450407266616821
40,0.2488452643156051,0.649193525314331,0.4805969893932342,0.7161070704460144,0.5937162637710571,0.2675838470458984,0.6153656840324402,0.4444246590137481,0.6876095533370972,0.5568590760231018
41,0.2489704489707946,0.6487206220626831,0.4800788164138794,0.7154375910758972,0.5933853983879089,0.2674777209758758,0.6133453845977783,0.4423202276229858,0.688181459903717,0.5531890392303467
42,0.2485475093126297,0.6491979360580444,0.480601817369461,0.7155556678771973,0.5941031575202942,0.2687529921531677,0.6155534982681274,0.4446206390857696,0.6886617541313171,0.5564778447151184
43,0.2473694235086441,0.6502489447593689,0.481754720211029,0.7168678641319275,0.5949590802192688,0.2677099704742431,0.5994523167610168,0.4280127584934234,0.7025065422058105,0.5227652192115784
44,0.2479989677667617,0.6491689085960388,0.480569988489151,0.7152737379074097,0.5942490100860596,0.2667481303215027,0.6227070689201355,0.4521239399909973,0.678739070892334,0.5752208828926086
45,0.2472012490034103,0.6513001322746277,0.4829095900058746,0.7169902920722961,0.5966366529464722,0.2694411277770996,0.6246176362037659,0.4541410803794861,0.6696422100067139,0.5852662324905396
46,0.24686960875988,0.6511534452438354,0.4827483296394348,0.7162792682647705,0.5968833565711975,0.2674563527107239,0.6100281476974487,0.4388780891895294,0.6965617537498474,0.5426188111305237
47,0.2466931343078613,0.652724027633667,0.4844768345355987,0.7187168002128601,0.5978310108184814,0.2681353688240051,0.6106165051460266,0.4394873678684234,0.6910996437072754,0.5469235777854919
48,0.2463935762643814,0.6535133719444275,0.4853470921516418,0.7188289165496826,0.5990787744522095,0.2701513469219208,0.6216733455657959,0.4510348439216614,0.6723571419715881,0.5780952572822571
49,0.2458398193120956,0.6528772711753845,0.4846457242965698,0.7184911966323853,0.5982444286346436,0.2681840658187866,0.6014819145202637,0.4300851821899414,0.7014285326004028,0.5264657735824585
50,0.2450620532035827,0.6547764539718628,0.4867417216300964,0.7183405756950378,0.6015470623970032,0.269087016582489,0.5997313857078552,0.4282974004745483,0.7006469368934631,0.5242260694503784
51,0.2453509867191314,0.653784990310669,0.4856468141078949,0.7188936471939087,0.5994904637336731,0.2690334618091583,0.5860920548439026,0.4145192503929138,0.7117464542388916,0.4981472790241241
52,0.2447158843278885,0.6555405855178833,0.4875867366790771,0.719815731048584,0.6018032431602478,0.2701946794986725,0.6071385145187378,0.4358929693698883,0.6908847689628601,0.5415000915527344
53,0.2429382503032684,0.658636748790741,0.4910204112529754,0.7197194695472717,0.6071110963821411,0.2680359184741974,0.6108636260032654,0.4397434592247009,0.6869751811027527,0.5499350428581238
54,0.2430881410837173,0.6581513285636902,0.4904810190200805,0.7196351885795593,0.6063465476036072,0.2723391950130462,0.6190357804298401,0.4482634663581848,0.6750181913375854,0.5716280341148376
55,0.2433362007141113,0.6579397320747375,0.4902460277080536,0.7198971509933472,0.6058018207550049,0.2701750099658966,0.6195525527000427,0.448805570602417,0.676287829875946,0.5715997219085693
56,0.2428068071603775,0.6583995223045349,0.4907567799091339,0.7190486788749695,0.6071856021881104,0.2725992202758789,0.5741198658943176,0.4026424586772918,0.7179408073425293,0.4783040285110473
57,0.240010604262352,0.662571132183075,0.4954066276550293,0.7230901718139648,0.6113999485969543,0.2714010775089264,0.6050508618354797,0.4337440133094787,0.6922208070755005,0.5373796820640564
58,0.2397554367780685,0.6639973521232605,0.4970030188560486,0.7214632630348206,0.6150105595588684,0.2683463096618652,0.6175374984741211,0.4466938376426697,0.6764790415763855,0.5680438876152039
59,0.2409043312072754,0.6612616181373596,0.4939438700675964,0.7218453288078308,0.6100599765777588,0.268288791179657,0.6083202362060547,0.4371122419834137,0.6854376196861267,0.5468006730079651
60,0.2403192073106765,0.6630764603614807,0.4959718585014343,0.7215577363967896,0.6133641004562378,0.2676286101341247,0.6206786036491394,0.4499883651733398,0.6762214303016663,0.5735674500465393
61,0.2386234253644943,0.6647086143493652,0.4978004395961761,0.7245019674301147,0.6140323877334595,0.2692689597606659,0.6229637861251831,0.4523946642875671,0.6675809025764465,0.5839369893074036
62,0.2393773943185806,0.6639930605888367,0.4969982504844665,0.7197530269622803,0.6162514686584473,0.268092006444931,0.6225476861000061,0.4519559144973755,0.6715368628501892,0.5802201628684998
63,0.2390545159578323,0.6650835871696472,0.4982211589813232,0.7229433059692383,0.6157990097999573,0.2698437571525574,0.624922513961792,0.4544634819030761,0.6621777415275574,0.591636061668396
64,0.2399356067180633,0.6642370223999023,0.4972716271877289,0.7230502367019653,0.614271879196167,0.269538551568985,0.6265775561332703,0.4562161862850189,0.6631808876991272,0.5938034057617188
65,0.239676833152771,0.6650682091712952,0.4982038736343384,0.7222080826759338,0.6163070201873779,0.2720601260662079,0.5997514128684998,0.4283177852630615,0.6966577768325806,0.5265125036239624
66,0.2393691837787628,0.6641656160354614,0.4971915781497955,0.7231113910675049,0.6141056418418884,0.2685683965682983,0.6079469919204712,0.4367268979549408,0.6901059746742249,0.5432693362236023
67,0.2405446320772171,0.6625697612762451,0.4954051077365875,0.7222479581832886,0.6120011210441589,0.2692121863365173,0.6001009345054626,0.4286743998527527,0.6998310685157776,0.5252496600151062
68,0.2394048124551773,0.6644310355186462,0.4974891245365143,0.7227460145950317,0.6148238182067871,0.2685967981815338,0.6170229315757751,0.4461555778980255,0.6758796572685242,0.5675957202911377
69,0.2398089468479156,0.662756621837616,0.49561408162117,0.7214854955673218,0.612869143486023,0.2689096629619598,0.6038219928741455,0.4324820935726166,0.694438636302948,0.5341246128082275
70,0.2401947677135467,0.6637027859687805,0.496673047542572,0.7227699756622314,0.6135605573654175,0.2688733339309692,0.6206573843955994,0.4499660730361938,0.6705886125564575,0.5776465535163879
71,0.2386007457971573,0.6654316782951355,0.4986119568347931,0.7222853302955627,0.6168752908706665,0.2686707973480224,0.6057448983192444,0.4344576895236969,0.6914682388305664,0.5389319062232971
72,0.2392236143350601,0.6647005081176758,0.4977913200855255,0.722718358039856,0.6153054237365723,0.2720233201980591,0.6099655628204346,0.4388132393360138,0.6839932799339294,0.5503968000411987
73,0.2392488718032837,0.6647399663925171,0.4978356063365936,0.721206784248352,0.6164732575416565,0.2679504156112671,0.6136155724525452,0.4426012933254242,0.6828349828720093,0.5571380853652954
74,0.2391796857118606,0.664800763130188,0.4979037642478943,0.7229280471801758,0.6153252720832825,0.2698550820350647,0.5979767441749573,0.4265098869800567,0.6976743340492249,0.5232101082801819
75,0.2392894029617309,0.6649930477142334,0.4981195628643036,0.7220118641853333,0.6163209080696106,0.2690880000591278,0.6065701842308044,0.4353072941303253,0.6872292757034302,0.542855978012085
76,0.2391618639230728,0.664237380027771,0.4972719848155975,0.7214319705963135,0.6154453158378601,0.2695604264736175,0.625858724117279,0.455454409122467,0.6621729135513306,0.5933204293251038
77,0.2392912358045578,0.6635391712188721,0.4964898228645324,0.7234135866165161,0.6128183603286743,0.2683392465114593,0.597121000289917,0.4256396889686584,0.7010502219200134,0.5200279355049133
78,0.2382243126630783,0.664445698261261,0.4975055754184723,0.7208701968193054,0.6162130236625671,0.2696580588817596,0.613150954246521,0.4421179890632629,0.6823272109031677,0.5567100644111633
79,0.2385255396366119,0.6648299694061279,0.4979365170001983,0.7229201793670654,0.6153810024261475,0.2687653005123138,0.6195197105407715,0.4487711489200592,0.6721107363700867,0.5745616555213928
80,0.2382065802812576,0.6667201519012451,0.5000601410865784,0.7227828502655029,0.6187283992767334,0.269317090511322,0.6225781440734863,0.451988011598587,0.665459394454956,0.584888756275177
81,0.2393161505460739,0.662315309047699,0.495120644569397,0.7194729447364807,0.6135709285736084,0.2684944868087768,0.6128418445587158,0.4417966306209564,0.682505190372467,0.5560824275016785
82,0.2373204380273819,0.6673510074615479,0.5007702708244324,0.7238433957099915,0.6190381646156311,0.2694369852542877,0.5995609164237976,0.4281235039234161,0.6966532468795776,0.5262215733528137
83,0.2382818460464477,0.6659983992576599,0.4992485642433166,0.723690927028656,0.6168252229690552,0.2685145139694214,0.6058824062347412,0.4345991909503937,0.6929718852043152,0.5382390022277832
84,0.238579124212265,0.6647679209709167,0.4978669583797455,0.7233080267906189,0.6149940490722656,0.2692967355251312,0.6138561367988586,0.4428516924381256,0.6817057132720947,0.5582900643348694
85,0.2382209599018097,0.6663450002670288,0.4996382296085357,0.7230836749076843,0.6178628206253052,0.2688453197479248,0.6125699281692505,0.441514104604721,0.6803707480430603,0.5570576190948486
86,0.2382643222808838,0.6651238203048706,0.4982663094997406,0.7231588363647461,0.6157116889953613,0.268743485212326,0.622559130191803,0.4519679546356201,0.6697186827659607,0.5816043019294739
87,0.2378345280885696,0.6663898825645447,0.4996886551380157,0.7216171622276306,0.6190149784088135,0.2711587250232696,0.6156789660453796,0.4447515904903412,0.6796157360076904,0.5627378225326538
88,0.2382311522960662,0.6671284437179565,0.5005196928977966,0.7226084470748901,0.6195602416992188,0.2681105136871338,0.6204196214675903,0.4497162103652954,0.6726258993148804,0.5757337212562561
89,0.2385386526584625,0.6653947830200195,0.4985705018043518,0.7218761444091797,0.617110550403595,0.2718757092952728,0.6133794188499451,0.4423556625843048,0.6801354289054871,0.5585565567016602
90,0.2373683899641037,0.6677868962287903,0.501261293888092,0.7232246398925781,0.6202430725097656,0.2694891691207886,0.6112817525863647,0.4401769340038299,0.6816087365150452,0.5541098117828369
91,0.2390297353267669,0.6653658151626587,0.4985379874706268,0.7207275032997131,0.6179025173187256,0.268614798784256,0.6107234358787537,0.4395981729030609,0.6821472644805908,0.5528388023376465
92,0.2380497455596923,0.6660202145576477,0.4992730915546417,0.7228747010231018,0.6174569129943848,0.2691254913806915,0.6088085770606995,0.4376166760921478,0.6867714524269104,0.5467419624328613
93,0.2386525571346283,0.6659489870071411,0.4991930425167084,0.722154974937439,0.6178603768348694,0.2689049541950226,0.6169775128364563,0.4461080431938171,0.6745879650115967,0.5684327483177185
94,0.2382806837558746,0.6675679087638855,0.5010145902633667,0.7232550978660583,0.6198429465293884,0.2700317203998565,0.6135909557342529,0.4425756931304931,0.6810381412506104,0.5582993030548096
95,,,,,,,,,,
