epoch,train/epoch_time_s,train/loss,train/lr,train/or_iou_delta,train/patch_f1,train/patch_f1_without_or,train/patch_iou,train/patch_iou_without_or,train/patch_precision,train/patch_precision_without_or,train/patch_recall,train/patch_recall_without_or,train/peak_gpu_mem_mb,train/pixel_f1,train/pixel_f1_without_or,train/pixel_iou,train/pixel_iou_without_or,train/pixel_precision,train/pixel_precision_without_or,train/pixel_recall,train/pixel_recall_without_or,train/skipped_intervals,validation/loss,validation/or_iou_delta,validation/patch_f1,validation/patch_f1_without_or,validation/patch_iou,validation/patch_iou_without_or,validation/patch_precision,validation/patch_precision_without_or,validation/patch_recall,validation/patch_recall_without_or,validation/pixel_f1,validation/pixel_f1_without_or,validation/pixel_iou,validation/pixel_iou_without_or,validation/pixel_precision,validation/pixel_precision_without_or,validation/pixel_recall,validation/pixel_recall_without_or,validation/skipped_intervals
0,151.3247528076172,0.403475672006607,0.0010000000474974,-0.0075856461189687,0.6774724125862122,0.685675323009491,0.5122557878494263,0.521694004535675,0.5672448873519897,0.5808653831481934,0.840871274471283,0.8366358876228333,2214.09423828125,0.3276436030864715,0.3381844162940979,0.1959173381328582,0.2035029828548431,0.4680116176605224,0.5137588381767273,0.2520482242107391,0.2520482242107391,0.0,0.3264387249946594,-0.0142458146438002,0.7557185888290405,0.7735471129417419,0.6073534488677979,0.6307189464569092,0.7018036246299744,0.7385203838348389,0.8186068534851074,0.8120617270469666,0.4451101422309875,0.4621424376964569,0.2862647473812103,0.3005105555057525,0.6352851390838623,0.7099769115447998,0.3425627052783966,0.3425627052783966,0.0
1,146.98069763183594,0.3382326662540436,0.0010000000474974,-0.0120609421283006,0.7350206971168518,0.7485940456390381,0.5810535550117493,0.5982024073600769,0.6665025949478149,0.691863477230072,0.8192406296730042,0.8154590725898743,2258.95751953125,0.4459375739097595,0.4603666067123413,0.2869496047496795,0.2990105450153351,0.6200345754623413,0.6792349815368652,0.3481749594211578,0.3481749594211578,0.0,0.3142242133617401,-0.0159744583070278,0.7539036870002747,0.7719218730926514,0.6050123572349548,0.6285608410835266,0.7117940187454224,0.7507733106613159,0.8013090491294861,0.794296383857727,0.476858526468277,0.4951658546924591,0.3130756616592407,0.3290501236915588,0.6737490296363831,0.7523510456085205,0.369019478559494,0.369019478559494,0.0
2,146.8201141357422,0.323798656463623,0.0010000000474974,-0.0133615406230092,0.7440980672836304,0.7579613327980042,0.5924810171127319,0.6102558374404907,0.692980170249939,0.7221917510032654,0.8033580183982849,0.7974587678909302,2245.787109375,0.4933294355869293,0.5083439946174622,0.3274301886558532,0.3407917320728302,0.6480709910392761,0.7025935053825378,0.3982405066490173,0.3982405066490173,0.0,0.3027354478836059,-0.0176382753998041,0.7619669437408447,0.7826477885246277,0.6154657006263733,0.6429098844528198,0.7126576900482178,0.753679633140564,0.8186068534851074,0.8139317631721497,0.533507227897644,0.55223149061203,0.363798052072525,0.3814363479614258,0.6729175448417664,0.7358579635620117,0.4419476389884949,0.4419476389884949,0.0
3,147.1319122314453,0.3141558170318603,0.0010000000474974,-0.0141263827681541,0.7554765343666077,0.7711777687072754,0.6070408225059509,0.6275746822357178,0.7129815816879272,0.7467063069343567,0.8033580183982849,0.7973074913024902,2252.4306640625,0.5163807272911072,0.5317664742469788,0.3480547666549682,0.3621811270713806,0.6632274985313416,0.7164778709411621,0.4227734804153442,0.4227734804153442,0.0,0.3024850189685821,-0.015781320631504,0.7572408318519592,0.7707525491714478,0.6093223094940186,0.6270116567611694,0.6391122341156006,0.6586012840270996,0.9289387464523317,0.9289387464523317,0.6063763499259949,0.6215348243713379,0.4351076781749725,0.4508890211582184,0.6041356325149536,0.6349945664405823,0.608633816242218,0.608633816242218,0.0
4,146.55941772460938,0.3095355927944183,0.0010000000474974,-0.0144718391820788,0.7542390823364258,0.7701708078384399,0.6054445505142212,0.6262420415878296,0.7155851125717163,0.7501792907714844,0.7973074913024902,0.7912570238113403,2217.79345703125,0.5309041142463684,0.5463566780090332,0.3613815009593963,0.3758533596992492,0.6682097911834717,0.7194299101829529,0.4404078125953674,0.4404078125953674,0.0,0.2975425720214844,-0.0184473507106304,0.767379105091095,0.7852420806884766,0.6225589513778687,0.6464185118675232,0.6899253726005554,0.7219607830047607,0.864422619342804,0.8606825470924377,0.589151918888092,0.6072757244110107,0.4175871014595032,0.4360344409942627,0.6603525280952454,0.7076993584632874,0.5318109393119812,0.5318109393119812,0.0
5,147.02345275878906,0.3044621348381042,0.0010000000474974,-0.0147769106552004,0.7682562470436096,0.7851439714431763,0.6237143278121948,0.6462855935096741,0.725500762462616,0.7612215876579285,0.8163666725158691,0.8106186389923096,2222.08837890625,0.5416874885559082,0.5572328567504883,0.3714481592178345,0.3862250745296478,0.6750501394271851,0.7254948616027832,0.4523261189460754,0.4523261189460754,0.0,0.3254106938838959,-0.0166990272700786,0.7198205590248108,0.7348309755325317,0.5622809529304504,0.5808164477348328,0.6383363604545593,0.6669207215309143,0.8251519203186035,0.8181393146514893,0.5539149641990662,0.5711668729782104,0.383044570684433,0.3997435867786407,0.6150783896446228,0.6593043208122253,0.5038155317306519,0.5038155317306519,0.0
6,147.7445526123047,0.3024629652500152,0.0010000000474974,-0.0150666758418083,0.7665039896965027,0.7837638258934021,0.6214078068733215,0.6444174647331238,0.7291467785835266,0.765239953994751,0.8078959584236145,0.8032068014144897,2258.9580078125,0.5470329523086548,0.5627645254135132,0.3764937222003937,0.3915604054927826,0.6806011199951172,0.7314823269844055,0.4572897553443908,0.4572897553443908,0.0,0.2983533143997192,-0.017519636079669,0.7679222226142883,0.7915607690811157,0.6232741475105286,0.6550273299217224,0.7995951175689697,0.8674094676971436,0.7386628985404968,0.7279102206230164,0.4835976958274841,0.503476619720459,0.3189111948013305,0.3364308476448059,0.7328171133995056,0.8324267268180847,0.3608711659908294,0.3608711659908294,0.0
7,147.02593994140625,0.2976093292236328,0.0010000000474974,-0.0149125326424837,0.7718192934989929,0.7894582152366638,0.628424882888794,0.6521527767181396,0.7327351570129395,0.768966019153595,0.8153077960014343,0.8110724687576294,2258.9580078125,0.5549622774124146,0.5703660249710083,0.3840469121932983,0.3989594578742981,0.6792786717414856,0.7273670434951782,0.469109445810318,0.469109445810318,0.0,0.2954979538917541,-0.0182250775396823,0.7748990058898926,0.800000011920929,0.6325184106826782,0.6666666865348816,0.7882011532783508,0.8512658476829529,0.7620383501052856,0.7545582056045532,0.5259433388710022,0.5454810261726379,0.3567999303340912,0.3750250041484833,0.7122458815574646,0.7887634634971619,0.4168956875801086,0.4168956875801086,0.0
8,147.3495635986328,0.2959451675415039,0.0010000000474974,-0.0154572399333119,0.7751970887184143,0.7933124303817749,0.6329157948493958,0.6574298143386841,0.7307177186012268,0.766723096370697,0.8254424333572388,0.8218121528625488,2240.64990234375,0.5629892349243164,0.5787734985351562,0.3917780220508575,0.4072352647781372,0.6831938028335571,0.7316194772720337,0.4787546992301941,0.4787546992301941,0.0,0.2817809283733368,-0.0191388074308633,0.7781801819801331,0.8009400963783264,0.6369025707244873,0.6679733395576477,0.7542781829833984,0.8052930235862732,0.8036465644836426,0.7966339588165283,0.5725416541099548,0.5917778611183167,0.4010916650295257,0.4202304780483246,0.6997659206390381,0.760167121887207,0.4844617843627929,0.4844617843627929,0.0
9,147.42657470703125,0.2940647006034851,0.0010000000474974,-0.0154814710840582,0.7769763469696045,0.7938583493232727,0.6352913975715637,0.6581800580024719,0.7359307408332825,0.7717468738555908,0.8228709697723389,0.8172742128372192,2222.08837890625,0.5646315813064575,0.5804044604301453,0.393370509147644,0.4088519811630249,0.6862841844558716,0.7348280549049377,0.4796139299869537,0.4796139299869537,0.0,0.2815867364406585,-0.0189192686229944,0.7817631959915161,0.8041926622390747,0.6417168974876404,0.6725102663040161,0.7267979383468628,0.768869936466217,0.8457223176956177,0.842917263507843,0.5914717316627502,0.6099924445152283,0.4199218153953552,0.4388411045074463,0.6748641133308411,0.7251035571098328,0.5264222621917725,0.5264222621917725,0.0
10,147.36265563964844,0.2927688658237457,0.0010000000474974,-0.0154934525489807,0.7772403955459595,0.7949429750442505,0.6356444954872131,0.6596725583076477,0.7335212826728821,0.7689806222915649,0.8265013098716736,0.8227196931838989,2258.9580078125,0.5707134008407593,0.5863655805587769,0.3992995023727417,0.4147929549217224,0.686809778213501,0.7339650392532349,0.48819100856781,0.48819100856781,0.0,0.2810769081115722,-0.0192648917436599,0.7812166213989258,0.8025533556938171,0.6409807205200195,0.6702206134796143,0.7187745571136475,0.7583194375038147,0.8555399775505066,0.8522673845291138,0.6021873354911804,0.6207579374313354,0.4308069050312042,0.450071781873703,0.676945149898529,0.7257596254348755,0.5422990322113037,0.5422990322113037,0.0
11,147.87522888183594,0.2911550104618072,0.0010000000474974,-0.0155594330281019,0.7766547799110413,0.7947911620140076,0.6348615288734436,0.6594634056091309,0.7334319353103638,0.7696231007575989,0.8252911567687988,0.8216608762741089,2245.78759765625,0.5735806226730347,0.5892360210418701,0.4021121561527252,0.4176715910434723,0.6868616342544556,0.7335387468338013,0.4923753142356872,0.4923753142356872,0.0,0.2922254502773285,-0.0172374304383993,0.7759484648704529,0.8023862838745117,0.6339181065559387,0.6699875593185425,0.792397677898407,0.8566879034042358,0.7601683139801025,0.7545582056045532,0.4992934763431549,0.518455982208252,0.3327055871486664,0.3499430119991302,0.717007577419281,0.8021606206893921,0.3829987049102783,0.3829987049102783,0.0
12,147.6468505859375,0.2897785902023315,0.0010000000474974,-0.0156142562627792,0.7818608283996582,0.8006137013435364,0.6418485045433044,0.6675195097923279,0.737463116645813,0.7743074893951416,0.8319467306137085,0.8287702202796936,2235.69580078125,0.5759561657905579,0.5916141271591187,0.4044511318206787,0.4200653731822967,0.687231719493866,0.7335634827613831,0.4956940710544586,0.4956940710544586,0.0,0.2839809060096741,-0.0185826048254966,0.7823178172111511,0.8080858588218689,0.6424646973609924,0.677973210811615,0.8000977635383606,0.8667023777961731,0.7653108835220337,0.7568957209587097,0.5209181904792786,0.5409690737724304,0.3521902561187744,0.3707728683948517,0.7303053140640259,0.8150059580802917,0.4048445224761963,0.4048445224761963,0.0
13,147.7805938720703,0.2873384058475494,0.0010000000474974,-0.0157064460217952,0.7846503257751465,0.8026239275932312,0.645616888999939,0.6703189611434937,0.7387471795082092,0.7745111584663391,0.8366358876228333,0.8328543305397034,2240.64990234375,0.5809576511383057,0.5965972542762756,0.4094012081623077,0.4251076579093933,0.6890889406204224,0.7347835302352905,0.5021591782569885,0.5021591782569885,0.0,0.2819969058036804,-0.0189211536198854,0.7769904136657715,0.7967410087585449,0.635310173034668,0.6621525287628174,0.7010154128074646,0.7358415722846985,0.8714352250099182,0.8686301708221436,0.6096642017364502,0.6277143955230713,0.4385013878345489,0.4574225544929504,0.6610179543495178,0.7049768567085266,0.5657144784927368,0.5657144784927368,0.0
14,148.00015258789062,0.2852677702903747,0.0010000000474974,-0.0157751217484474,0.7855006456375122,0.8044226169586182,0.646769106388092,0.6728319525718689,0.742161214351654,0.7795912623405457,0.8342157006263733,0.8308879137039185,2252.4306640625,0.583868682384491,0.5995118618011475,0.4122984111309051,0.428073525428772,0.6902827024459839,0.7356719970703125,0.5058819055557251,0.5058819055557251,0.0,0.2824372947216034,-0.0184318106621503,0.7815231084823608,0.8011983633041382,0.6413934230804443,0.6683327555656433,0.7041620016098022,0.7387529611587524,0.8779803514480591,0.8751752972602844,0.6040030121803284,0.6217349171638489,0.4326678812503814,0.451099693775177,0.6649801731109619,0.7095381021499634,0.5532695055007935,0.5532695055007935,0.0
15,147.9567413330078,0.2835760116577148,0.0010000000474974,-0.0158921629190444,0.7860859632492065,0.8053681254386902,0.647563099861145,0.6741559505462646,0.7433270215988159,0.7816370129585266,0.8340644240379333,0.8305853605270386,2245.78759765625,0.5872660279273987,0.6029489040374756,0.4156947135925293,0.4315868616104126,0.6914644837379456,0.736580491065979,0.5103588104248047,0.5103588104248047,0.0,0.2776112556457519,-0.0190426483750343,0.7935965657234192,0.8161020874977112,0.6578202247619629,0.6893348097801208,0.7301649451255798,0.7706688642501831,0.8690977096557617,0.8672276735305786,0.596430242061615,0.6149399876594543,0.4249380826950073,0.443980723619461,0.6872732043266296,0.738502562046051,0.5267986059188843,0.5267986059188843,0.0
16,147.69979858398438,0.2828355133533478,0.0010000000474974,-0.0157481804490089,0.7923322916030884,0.8112408518791199,0.6560846567153931,0.6824266314506531,0.7465881705284119,0.7838905453681946,0.8440477848052979,0.8405687212944031,2252.43115234375,0.588769257068634,0.6042787432670593,0.4172026813030243,0.4329508543014526,0.6919379830360413,0.7363604307174683,0.5123737454414368,0.5123737454414368,0.0,0.2808772027492523,-0.0182124264538288,0.7822437882423401,0.8050285577774048,0.6423648595809937,0.6736801862716675,0.7413143515586853,0.7875670790672302,0.8279569745063782,0.8232818841934204,0.5707501173019409,0.5891128778457642,0.3993354141712188,0.4175478518009186,0.6851256489753723,0.7405427694320679,0.489099383354187,0.489099383354187,0.0
17,147.5939178466797,0.2809889912605285,0.0010000000474974,-0.0161469243466854,0.7866287231445312,0.8057648539543152,0.6483001112937927,0.674712061882019,0.7423815131187439,0.7802493572235107,0.8364846706390381,0.8330056071281433,2252.43115234375,0.5923634767532349,0.6081807613372803,0.4208213090896606,0.4369682371616363,0.6933599710464478,0.7383110523223877,0.5170488357543945,0.5170488357543945,0.0,0.2749660909175873,-0.0197260938584804,0.7943548560142517,0.8191316723823547,0.6588628888130188,0.6936689019203186,0.7625806331634521,0.8136531114578247,0.8288919925689697,0.8246844410896301,0.5971099734306335,0.6162564754486084,0.4256284832954407,0.4453545808792114,0.6922963261604309,0.7460441589355469,0.5249347686767578,0.5249347686767578,0.0
18,147.5932159423828,0.2801965177059173,0.0010000000474974,-0.0160712841898202,0.7885396480560303,0.8090068697929382,0.65090012550354,0.67927086353302,0.7455525398254395,0.7852769494056702,0.8367871642112732,0.8342157006263733,2245.78759765625,0.5938306450843811,0.6095420718193054,0.4223037958145141,0.4383750855922699,0.6937100887298584,0.7381640672683716,0.5190924406051636,0.5190924406051636,0.0,0.2717108428478241,-0.019893106073141,0.8003517985343933,0.8259680867195129,0.6671554446220398,0.7035312652587891,0.7555001974105835,0.8054198026657104,0.8508648872375488,0.8475923538208008,0.6069995760917664,0.6260365843772888,0.435749739408493,0.455642819404602,0.6890246272087097,0.7401195764541626,0.5424262881278992,0.5424262881278992,0.0
19,147.60227966308594,0.2777478396892547,0.0010000000474974,-0.0159495677798986,0.7919606566429138,0.8114603757858276,0.6555752158164978,0.6827373504638672,0.7487870454788208,0.786952793598175,0.8404175043106079,0.8375434875488281,2245.78759765625,0.5974098443984985,0.6129247546195984,0.425933301448822,0.441882848739624,0.6955851316452026,0.7391549348831177,0.5235199332237244,0.5235199332237244,0.0,0.273257315158844,-0.019800866022706,0.7963718771934509,0.821008026599884,0.6616427898406982,0.6963643431663513,0.7732276320457458,0.8272425532341003,0.8209443688392639,0.8148667812347412,0.5944223999977112,0.6137136816978455,0.4229025542736053,0.4427034258842468,0.7002230882644653,0.7562271952629089,0.5163969993591309,0.5163969993591309,0.0
20,147.5826873779297,0.2770909965038299,0.0010000000474974,-0.0159913022071123,0.792737603187561,0.8114520311355591,0.6566407084465027,0.6827254891395569,0.7488566040992737,0.7864036560058594,0.8420813679695129,0.8381485342979431,2240.64990234375,0.6002103686332703,0.6157037019729614,0.4287860989570617,0.4447773993015289,0.6956790089607239,0.7387733459472656,0.5277823209762573,0.5277823209762573,0.0,0.2711663544178009,-0.0202218163758516,0.79790860414505,0.821807861328125,0.6637670397758484,0.6975160241127014,0.7765486836433411,0.8298379182815552,0.8204768300056458,0.8139317631721497,0.5910045504570007,0.6107954382896423,0.419450968503952,0.4396727979183197,0.7095001339912415,0.7693533897399902,0.5064250826835632,0.5064250826835632,0.0
21,147.40887451171875,0.2764231264591217,0.0010000000474974,-0.0161574110388755,0.7946935296058655,0.8139992952346802,0.6593289971351624,0.6863396167755127,0.7482966184616089,0.7857545018196106,0.8472242951393127,0.8443503379821777,2235.69580078125,0.6012874841690063,0.6169160604476929,0.4298864006996155,0.4460438191890716,0.6955927610397339,0.73890221118927,0.5295002460479736,0.5295002460479736,0.0,0.2737092971801758,-0.0194892957806587,0.7994573712348938,0.8240805864334106,0.6659133434295654,0.7007967829704285,0.7740805745124817,0.825821578502655,0.8265544772148132,0.8223468661308289,0.5940608978271484,0.6130625009536743,0.4225367605686188,0.4420260488986969,0.7003136277198792,0.7555245161056519,0.5158025622367859,0.5158025622367859,0.0
22,147.56259155273438,0.2752273082733154,0.0010000000474974,-0.0162298623472452,0.7955158352851868,0.8159930109977722,0.6604618430137634,0.6891791820526123,0.7491647601127625,0.7881606817245483,0.8479806184768677,0.8458629846572876,2240.64990234375,0.6023213267326355,0.6179961562156677,0.4309440851211548,0.4471739530563354,0.6969289779663086,0.7403864860534668,0.5303294658660889,0.5303294658660889,0.0,0.2746710479259491,-0.0195957664400339,0.7926497459411621,0.8185673952102661,0.6565201282501221,0.6928600072860718,0.7699427008628845,0.8251781463623047,0.8167368173599243,0.8120617270469666,0.5773764848709106,0.5969334244728088,0.4058533608913421,0.4254491329193115,0.7121244072914124,0.7747361063957214,0.4855087399482727,0.4855087399482727,0.0
23,147.6454620361328,0.2729416191577911,0.0010000000474974,-0.0161732845008373,0.7984380722045898,0.818195104598999,0.6645001173019409,0.6923267245292664,0.7523414492607117,0.7908256649971008,0.8505520820617676,0.8475268483161926,2235.69580078125,0.6046068072319031,0.6201767921447754,0.4332877993583679,0.4494610726833343,0.6983199119567871,0.7413116097450256,0.5330699682235718,0.5330699682235718,0.0,0.2792721688747406,-0.0187480375170707,0.7932296395301819,0.816801130771637,0.6573161482810974,0.6903329491615295,0.7765337824821472,0.8293976187705994,0.8106591701507568,0.8045815825462341,0.545796275138855,0.5653529763221741,0.3753231167793274,0.3940711319446563,0.7168148159980774,0.788455605506897,0.4406624734401703,0.4406624734401703,0.0
24,147.77098083496094,0.2718750238418579,0.0010000000474974,-0.0161359403282403,0.7995726466178894,0.8192206025123596,0.6660733222961426,0.6937965154647827,0.7555525898933411,0.794205367565155,0.8490394949913025,0.8458629846572876,2229.04638671875,0.6087225675582886,0.6241660118103027,0.4375277757644653,0.4536637365818023,0.7001140713691711,0.7423654794692993,0.5384361147880554,0.5384361147880554,0.0,0.2722606956958771,-0.0201012305915355,0.7906270623207092,0.813984751701355,0.6537495255470276,0.6863189935684204,0.7376518249511719,0.7817477583885193,0.8517999053001404,0.8489948511123657,0.6042171716690063,0.6235269904136658,0.4328876733779907,0.4529888927936554,0.6937013268470764,0.7468069791793823,0.5351813435554504,0.5351813435554504,0.0
25,147.5489501953125,0.2604031562805176,9.999999747378752e-05,-0.0168468412011861,0.8112094402313232,0.8315531015396118,0.6823821067810059,0.7116738557815552,0.7571784257888794,0.7951690554618835,0.8735440969467163,0.8714264035224915,2258.9580078125,0.6313663125038147,0.6469649076461792,0.461311399936676,0.4781582355499267,0.7095151543617249,0.7501662373542786,0.5687246918678284,0.5687246918678284,0.0,0.2672842442989349,-0.020326804369688,0.8068996667861938,0.8331008553504944,0.6763049364089966,0.7139441967010498,0.7746236324310303,0.828478991985321,0.8419822454452515,0.8377746343612671,0.5982239246368408,0.6179142594337463,0.4267613887786865,0.4470881819725036,0.7108781933784485,0.7691265940666199,0.5163905024528503,0.5163905024528503,0.0
26,147.8994903564453,0.2584144175052643,9.999999747378752e-05,-0.0166369061917066,0.8129150867462158,0.8337447643280029,0.6847994327545166,0.7148904204368591,0.7626938819885254,0.8016194105148315,0.8702163100242615,0.8685523867607117,2207.87646484375,0.6342801451683044,0.6496213674545288,0.4644291698932647,0.4810660481452942,0.7100014090538025,0.7496343851089478,0.5731536149978638,0.5731536149978638,0.0,0.2670824527740478,-0.0204348918050527,0.8073973655700684,0.8340744376182556,0.6770045161247253,0.7153753638267517,0.7799564003944397,0.8350515365600586,0.8368396162986755,0.8330996036529541,0.5911338925361633,0.611126720905304,0.4195813238620758,0.4400162100791931,0.7188721299171448,0.7810161113739014,0.5019424557685852,0.5019424557685852,0.0
27,147.81678771972656,0.2571850121021271,9.999999747378752e-05,-0.0168738830834627,0.8147835731506348,0.8357173800468445,0.6874555349349976,0.7177959680557251,0.7607925534248352,0.7998893857002258,0.8770231604576111,0.8749054670333862,2240.64990234375,0.634904146194458,0.6504473090171814,0.4650986194610595,0.4819724857807159,0.7116877436637878,0.7519723773002625,0.5730754137039185,0.5730754137039185,0.0,0.2674362361431122,-0.0199364498257637,0.800678551197052,0.824661135673523,0.6676096320152283,0.7016369104385376,0.7326348423957825,0.774537980556488,0.8826554417610168,0.8817204236984253,0.6227734684944153,0.6414247155189514,0.452193945646286,0.4721303880214691,0.6816399693489075,0.7279776334762573,0.5732661485671997,0.5732661485671997,0.0
28,147.9266357421875,0.2554547786712646,9.999999747378752e-05,-0.0166329126805067,0.8170817494392395,0.8386023044586182,0.6907339096069336,0.7220630645751953,0.7637774348258972,0.8036605715751648,0.878384530544281,0.8767206072807312,2235.6953125,0.6378181576728821,0.6530768275260925,0.4682327806949615,0.4848656952381134,0.7101153135299683,0.7490867376327515,0.5788819193840027,0.5788819193840027,0.0,0.2660742402076721,-0.0204524397850036,0.8042114973068237,0.8303903341293335,0.6725365519523621,0.7099722027778625,0.772042989730835,0.825404167175293,0.8391771912574768,0.8354371190071106,0.5997994542121887,0.6195655465126038,0.4283668100833893,0.4488192498683929,0.7118870615959167,0.770215630531311,0.5182070136070251,0.5182070136070251,0.0
29,147.7631378173828,0.2554694414138794,9.999999747378752e-05,-0.0167185775935649,0.8135951161384583,0.8348039984703064,0.6857651472091675,0.7164494395256042,0.7606579065322876,0.7998613715171814,0.8744516968727112,0.8729390501976013,2258.9580078125,0.6379846334457397,0.6533172726631165,0.4684122502803802,0.4851308166980743,0.7130252718925476,0.7525004744529724,0.5772349834442139,0.5772349834442139,0.0,0.2660925984382629,-0.0203216485679149,0.801857590675354,0.8276810050010681,0.6692506670951843,0.7060203552246094,0.7608057260513306,0.8116853833198547,0.8475923538208008,0.844319760799408,0.6115424036979675,0.6308580636978149,0.4404472708702087,0.4607689380645752,0.6988270282745361,0.75140780210495,0.5436407923698425,0.5436407923698425,0.0
30,148.0703125,0.2539333701133728,9.999999747378752e-05,-0.0168126672506332,0.8173522353172302,0.8380444049835205,0.6911206245422363,0.7212361693382263,0.7625409364700317,0.8007441163063049,0.880653440952301,0.878989577293396,2245.78759765625,0.640184223651886,0.6555526852607727,0.4707874655723572,0.4876001477241516,0.7127707600593567,0.7520291209220886,0.5810152888298035,0.5810152888298035,0.0,0.2674837112426758,-0.0201706662774086,0.8001750707626343,0.8253680467605591,0.6669098734855652,0.7026610374450684,0.7522633671760559,0.8005272150039673,0.854604959487915,0.8517999053001404,0.6094405055046082,0.6286723613739014,0.4382699728012085,0.4584406614303589,0.6985861659049988,0.7512744069099426,0.540471613407135,0.540471613407135,0.0
31,148.112060546875,0.2539308369159698,9.999999747378752e-05,-0.0170196462422609,0.8196606040000916,0.8404894471168518,0.6944278478622437,0.724865734577179,0.7667984366416931,0.8061110973358154,0.8803509473800659,0.8779307007789612,2235.69580078125,0.6411606073379517,0.6566939353942871,0.4718443155288696,0.4888639450073242,0.7134103775024414,0.7530497908592224,0.5821990966796875,0.5821990966796875,0.0,0.2666336596012115,-0.019743725657463,0.8040265440940857,0.827296793460846,0.6722779273986816,0.7054613828659058,0.7418972253799438,0.7840100526809692,0.8775128722190857,0.8756428360939026,0.6207268238067627,0.6392547488212585,0.4500390589237213,0.4697827994823456,0.684900164604187,0.7316997647285461,0.567548930644989,0.567548930644989,0.0
32,148.1865997314453,0.2547913491725921,9.999999747378752e-05,-0.0167286433279514,0.81890869140625,0.8398355841636658,0.6933491826057434,0.7238935828208923,0.7634366154670715,0.8025082945823669,0.8830736875534058,0.880804717540741,2240.64990234375,0.6395508646965027,0.6548575758934021,0.4701027572154999,0.486831396818161,0.7129488587379456,0.7521455883979797,0.5798549056053162,0.5798549056053162,0.0,0.2671983540058136,-0.0203589051961898,0.8041563034057617,0.8308340907096863,0.6724593639373779,0.7106212377548218,0.7779720425605774,0.8327853679656982,0.8321645855903625,0.8288919925689697,0.5905085802078247,0.6104456782341003,0.418951541185379,0.4393104314804077,0.7175265550613403,0.779386579990387,0.5016971826553345,0.5016971826553345,0.0
33,148.1120147705078,0.2529056072235107,9.999999747378752e-05,-0.0169468708336353,0.8205884695053101,0.8418543934822083,0.6957609057426453,0.7268986105918884,0.7657929062843323,0.8054442405700684,0.8838299512863159,0.8817123174667358,2231.7626953125,0.6425827741622925,0.6580182313919067,0.4733863174915313,0.4903331696987152,0.7148563861846924,0.7542204856872559,0.583581268787384,0.583581268787384,0.0,0.2696723341941833,-0.0201945323497056,0.8057360649108887,0.8319405913352966,0.6746716499328613,0.7122416496276855,0.7736660838127136,0.8261871933937073,0.8405796885490417,0.8377746343612671,0.5991683602333069,0.6187061667442322,0.4277233481407165,0.4479178786277771,0.707953929901123,0.7650444507598877,0.519362211227417,0.519362211227417,0.0
34,147.9775390625,0.2515966892242431,9.999999747378752e-05,-0.0167235396802425,0.8227424621582031,0.8431975841522217,0.6988636255264282,0.7289037108421326,0.7626921534538269,0.8001901507377625,0.8930570483207703,0.8910906314849854,2222.08837890625,0.6434875726699829,0.6587017178535461,0.4743691086769104,0.4910926520824432,0.7139741778373718,0.7525454163551331,0.5856679081916809,0.5856679081916809,0.0,0.265572726726532,-0.0195240043103694,0.8019590973854065,0.824665367603302,0.6693921089172363,0.7016429901123047,0.7364098429679871,0.7770885229110718,0.8803179264068604,0.8784478902816772,0.6206320524215698,0.6389589905738831,0.4499394297599792,0.469463437795639,0.6836566925048828,0.7297711968421936,0.5682467222213745,0.5682467222213745,0.0
35,148.05560302734375,0.2514849007129669,9.999999747378752e-05,-0.016534237191081,0.8195436000823975,0.840552568435669,0.6942599415779114,0.724959671497345,0.7627361416816711,0.8015644550323486,0.8854938745498657,0.8835274577140808,2235.69580078125,0.6442080736160278,0.6592360138893127,0.4751525819301605,0.4916868209838867,0.7153952717781067,0.7535474300384521,0.5859060287475586,0.5859060287475586,0.0,0.2663916349411011,-0.0196083057671785,0.8001739382743835,0.8247190713882446,0.666908323764801,0.7017208337783813,0.7479674816131592,0.7940285801887512,0.8602150678634644,0.8578774929046631,0.617426335811615,0.6359164714813232,0.4465775489807129,0.4661858677864074,0.687706470489502,0.735335648059845,0.5601789355278015,0.5601789355278015,0.0
36,148.4542694091797,0.2518068253993988,9.999999747378752e-05,-0.0168500635772943,0.8186986446380615,0.8397806286811829,0.6930481195449829,0.7238118648529053,0.7637506723403931,0.8030365705490112,0.8821660876274109,0.880048394203186,2245.78759765625,0.6444892287254333,0.6597946882247925,0.4754585921764374,0.492308646440506,0.7146296501159668,0.7533866763114929,0.5868867039680481,0.5868867039680481,0.0,0.2685815393924713,-0.0198747273534536,0.7992367744445801,0.821935772895813,0.6656073331832886,0.6977003216743469,0.7311869859695435,0.7715340256690979,0.8812529444694519,0.8793829083442688,0.6222642660140991,0.6408721804618835,0.4516572058200836,0.4715319275856018,0.6827806234359741,0.7292467951774597,0.571601927280426,0.571601927280426,0.0
37,149.12063598632812,0.2518658339977264,9.999999747378752e-05,-0.016928968951106,0.8208432793617249,0.8422567844390869,0.6961273550987244,0.7274987697601318,0.764314591884613,0.8032944202423096,0.8864014744758606,0.8851913213729858,2245.78759765625,0.6439555287361145,0.6593438982963562,0.4748778939247131,0.4918068647384643,0.7140363454818726,0.7530103921890259,0.5864017009735107,0.5864017009735107,0.0,0.2667663097381592,-0.0192772019654512,0.7995775938034058,0.8227104544639587,0.6660802364349365,0.6988174319267273,0.7291987538337708,0.7693246603012085,0.8849930167198181,0.8840579986572266,0.6242639422416687,0.6422677040100098,0.4537672102451324,0.4730443954467773,0.6751848459243774,0.7187681794166565,0.5804850459098816,0.5804850459098816,0.0
38,148.32156372070312,0.2503314316272735,9.999999747378752e-05,-0.0167717970907688,0.8230860233306885,0.8438328504562378,0.6993595957756042,0.7298536896705627,0.7640580534934998,0.8018251061439514,0.8919981718063354,0.8904855251312256,2235.6953125,0.6461039781570435,0.6613030433654785,0.4772183001041412,0.4939900934696197,0.7138029336929321,0.7519916892051697,0.5901340842247009,0.5901340842247009,0.0,0.2657560408115387,-0.0202345103025436,0.8001719117164612,0.8243123292922974,0.6669054627418518,0.70113205909729,0.7403578758239746,0.7842971682548523,0.8705002069473267,0.8686301708221436,0.6155610680580139,0.634684681892395,0.4446285665035248,0.4648630619049072,0.6932599544525146,0.7437360286712646,0.5535235404968262,0.5535235404968262,0.0
39,147.82652282714844,0.2496609985828399,9.999999747378752e-05,-0.0168155897408723,0.82473224401474,0.8449457287788391,0.7017398476600647,0.731520414352417,0.7633578181266785,0.8000540733337402,0.8968386054039001,0.8951746821403503,2252.43115234375,0.647323727607727,0.6625347137451172,0.4785503447055816,0.4953659176826477,0.7155941724777222,0.7538604736328125,0.5909451842308044,0.5909451842308044,0.0,0.2668194472789764,-0.0198800973594188,0.8049901723861694,0.8291139006614685,0.6736263632774353,0.708108127117157,0.7567901015281677,0.802625834941864,0.8597475290298462,0.8574100136756897,0.6105526089668274,0.6294811367988586,0.4394212067127228,0.4593012928962707,0.6939647197723389,0.7448819279670715,0.5450407266616821,0.5450407266616821,0.0
40,147.9068145751953,0.2488452643156051,9.999999747378752e-05,-0.0166264455765485,0.8233739137649536,0.8445873260498047,0.6997753381729126,0.730983316898346,0.7622359395027161,0.80037921667099,0.8951746821403503,0.8939645886421204,2235.69580078125,0.649193525314331,0.6641940474510193,0.4805969893932342,0.4972234070301056,0.7161070704460144,0.7536578178405762,0.5937162637710571,0.5937162637710571,0.0,0.2675838470458984,-0.0198151674121618,0.7997398972511292,0.8237401843070984,0.6663055419921875,0.7003046274185181,0.7454545497894287,0.790627658367157,0.8625525832176208,0.8597475290298462,0.6153656840324402,0.634103536605835,0.4444246590137481,0.4642398357391357,0.6876095533370972,0.7362292408943176,0.5568590760231018,0.5568590760231018,0.0
41,148.15621948242188,0.2489704489707946,9.999999747378752e-05,-0.0168821383267641,0.8231775164604187,0.8440694808959961,0.6994916796684265,0.7302078008651733,0.7620090246200562,0.800298273563385,0.8950234651565552,0.8929057717323303,2235.69580078125,0.6487206220626831,0.663959801197052,0.4800788164138794,0.4969609379768371,0.7154375910758972,0.7535879611968994,0.5933853983879089,0.5933853983879089,0.0,0.2674777209758758,-0.0198351945728063,0.8014517426490784,0.8248512744903564,0.6686854362487793,0.7019122838973999,0.7375245690345764,0.7799999713897705,0.8775128722190857,0.8751752972602844,0.6133453845977783,0.6321563720703125,0.4423202276229858,0.4621554315090179,0.688181459903717,0.7374229431152344,0.5531890392303467,0.5531890392303467,0.0
42,148.2565460205078,0.2485475093126297,9.999999747378752e-05,-0.0171234868466854,0.8204591274261475,0.8412823677062988,0.6955749988555908,0.7260460257530212,0.761528491973877,0.7999181747436523,0.8892754316329956,0.8871577382087708,2240.64990234375,0.6491979360580444,0.6646416187286377,0.480601817369461,0.4977253079414367,0.7155556678771973,0.7541869878768921,0.5941031575202942,0.5941031575202942,0.0,0.2687529921531677,-0.0198883488774299,0.801369845867157,0.8247240781784058,0.668571412563324,0.7017280459403992,0.7390446066856384,0.7812630534172058,0.8751752972602844,0.8733052611351013,0.6155534982681274,0.6343545913696289,0.4446206390857696,0.464508980512619,0.6886617541313171,0.7375750541687012,0.5564778447151184,0.5564778447151184,0.0
43,147.9976043701172,0.2473694235086441,9.999999747378752e-05,-0.016874810680747,0.8217409253120422,0.8422178030014038,0.6974195837974548,0.727440595626831,0.7593328952789307,0.7962538599967957,0.8953259587287903,0.8938133120536804,2212.78173828125,0.6502489447593689,0.6654473543167114,0.481754720211029,0.4986295402050018,0.7168678641319275,0.7548827528953552,0.5949590802192688,0.5949590802192688,0.0,0.2677099704742431,-0.020245399326086,0.8045573830604553,0.8304623961448669,0.6730205416679382,0.7100775241851807,0.7571133971214294,0.805983304977417,0.8583450317382812,0.8564749956130981,0.5994523167610168,0.619030773639679,0.4280127584934234,0.4482581615447998,0.7025065422058105,0.7587525844573975,0.5227652192115784,0.5227652192115784,0.0
44,148.3303680419922,0.2479989677667617,9.999999747378752e-05,-0.0168702732771635,0.8243403434753418,0.8448448181152344,0.7011725902557373,0.731369137763977,0.7636739015579224,0.8010847568511963,0.8954772353172302,0.8936620950698853,2229.04638671875,0.6491689085960388,0.6643874645233154,0.480569988489151,0.4974402487277984,0.7152737379074097,0.753298282623291,0.5942490100860596,0.5942490100860596,0.0,0.2667481303215027,-0.0195615906268358,0.7970680594444275,0.8191627264022827,0.6626044511795044,0.6937134265899658,0.7219271659851074,0.7607214450836182,0.8896680474281311,0.8873305320739746,0.6227070689201355,0.641014039516449,0.4521239399909973,0.471685528755188,0.678739070892334,0.7238017320632935,0.5752208828926086,0.5752208828926086,0.0
45,148.09507751464844,0.2472012490034103,9.999999747378752e-05,-0.0168079938739538,0.8216817378997803,0.8421353101730347,0.6973342895507812,0.7273175716400146,0.7599948644638062,0.7971895933151245,0.8942671418190002,0.8924520015716553,2240.64990234375,0.6513001322746277,0.6664155721664429,0.4829095900058746,0.4997175633907318,0.7169902920722961,0.7546780109405518,0.5966366529464722,0.5966366529464722,0.0,0.2694411277770996,-0.0193364266306161,0.7892894148826599,0.8096548914909363,0.6519224047660828,0.6801849603652954,0.7054491639137268,0.7399380803108215,0.8957456946372986,0.8938756585121155,0.6246176362037659,0.642666757106781,0.4541410803794861,0.4734775125980377,0.6696422100067139,0.7125508785247803,0.5852662324905396,0.5852662324905396,0.0
46,148.03041076660156,0.24686960875988,9.999999747378752e-05,-0.0169215835630893,0.8234804272651672,0.8440706729888916,0.6999292373657227,0.7302095890045166,0.7606717348098755,0.7980056405067444,0.8975949287414551,0.8957797884941101,2235.69580078125,0.6511534452438354,0.6663731932640076,0.4827483296394348,0.4996699094772339,0.7162792682647705,0.7541751265525818,0.5968833565711975,0.5968833565711975,0.0,0.2674563527107239,-0.0200866051018238,0.7985348105430603,0.8223508596420288,0.6646341681480408,0.6982986927032471,0.740607500076294,0.7849553823471069,0.8662926554679871,0.8634876012802124,0.6100281476974487,0.6291648745536804,0.4388780891895294,0.4589646756649017,0.6965617537498474,0.7485575675964355,0.5426188111305237,0.5426188111305237,0.0
47,148.46615600585938,0.2466931343078613,9.999999747378752e-05,-0.0169605314731597,0.8228015303611755,0.8429763913154602,0.698948860168457,0.728573203086853,0.7612554430961609,0.7977315783500671,0.8951746821403503,0.8936620950698853,2245.78759765625,0.652724027633667,0.6679431200027466,0.4844768345355987,0.5014373660087585,0.7187168002128601,0.756685197353363,0.5978310108184814,0.5978310108184814,0.0,0.2681353688240051,-0.019738532602787,0.7996541857719421,0.8234769105911255,0.666186511516571,0.699924111366272,0.7435691356658936,0.7877882122993469,0.8648901581764221,0.8625525832176208,0.6106165051460266,0.6294103264808655,0.4394873678684234,0.4592258930206299,0.6910996437072754,0.7411972284317017,0.5469235777854919,0.5469235777854919,0.0
48,147.9947967529297,0.2463935762643814,9.999999747378752e-05,-0.0167816989123821,0.8247738480567932,0.8458899259567261,0.7018001079559326,0.7329369783401489,0.7637582421302795,0.8018701672554016,0.8963848352432251,0.8950234651565552,2245.78759765625,0.6535133719444275,0.6685562133789062,0.4853470921516418,0.5021287798881531,0.7188289165496826,0.7562629580497742,0.5990787744522095,0.5990787744522095,0.0,0.2701513469219208,-0.0195548459887504,0.7886916995048523,0.8097664713859558,0.6511073112487793,0.6803424954414368,0.7059475183486938,0.7417347431182861,0.8934081196784973,0.8915380835533142,0.6216733455657959,0.6400013566017151,0.4510348439216614,0.4705896973609924,0.6723571419715881,0.7167561650276184,0.5780952572822571,0.5780952572822571,0.0
49,148.07626342773438,0.2458398193120956,9.999999747378752e-05,-0.0169101767241954,0.8230475783348083,0.8441623449325562,0.6993039846420288,0.7303467988967896,0.7605850696563721,0.7986504435539246,0.8966873288154602,0.8951746821403503,2252.43115234375,0.6528772711753845,0.6680482625961304,0.4846457242965698,0.501555860042572,0.7184911966323853,0.7562933564186096,0.5982444286346436,0.5982444286346436,0.0,0.2681840658187866,-0.0199878625571727,0.8019302487373352,0.8259292840957642,0.6693518757820129,0.7034748792648315,0.7553719282150269,0.8015838265419006,0.854604959487915,0.8517999053001404,0.6014819145202637,0.620759129524231,0.4300851821899414,0.4500730335712433,0.7014285326004028,0.7561992406845093,0.5264657735824585,0.5264657735824585,0.0
50,147.81475830078125,0.2450620532035827,9.999999747378752e-05,-0.0167425423860549,0.824647843837738,0.8447514772415161,0.7016176581382751,0.7312291860580444,0.7617948651313782,0.7981429100036621,0.8988050222396851,0.8971410989761353,2252.43115234375,0.6547764539718628,0.6697565913200378,0.4867417216300964,0.5034842491149902,0.7183405756950378,0.7554131150245667,0.6015470623970032,0.6015470623970032,0.0,0.269087016582489,-0.0199393276125192,0.8013187050819397,0.8256421685218811,0.6685001850128174,0.7030584812164307,0.7561178207397461,0.8035398125648499,0.8522673845291138,0.8489948511123657,0.5997313857078552,0.6190102696418762,0.4282974004745483,0.4482367038726806,0.7006469368934631,0.7556350827217102,0.5242260694503784,0.5242260694503784,0.0
51,147.96046447753906,0.2453509867191314,9.999999747378752e-05,-0.0167005974799394,0.8251059055328369,0.8455342650413513,0.7022810578346252,0.732403039932251,0.7625769972801208,0.7995416522026062,0.8988050222396851,0.8971410989761353,2235.69580078125,0.653784990310669,0.668749988079071,0.4856468141078949,0.5023474097251892,0.7188936471939087,0.7561030983924866,0.5994904637336731,0.5994904637336731,0.0,0.2690334618091583,-0.0201277732849121,0.7992799282073975,0.8253672122955322,0.6656671762466431,0.7026597857475281,0.7704989314079285,0.8232558369636536,0.8302945494651794,0.8274894952774048,0.5860920548439026,0.605928897857666,0.4145192503929138,0.4346470236778259,0.7117464542388916,0.7732283473014832,0.4981472790241241,0.4981472790241241,0.0
52,148.4562225341797,0.2447158843278885,9.999999747378752e-05,-0.0166666731238365,0.8272178769111633,0.8478678464889526,0.7053465843200684,0.735912024974823,0.763899564743042,0.8008337616920471,0.9019815325737,0.90077143907547,2252.43115234375,0.6555405855178833,0.6704367995262146,0.4875867366790771,0.5042534470558167,0.719815731048584,0.756740391254425,0.6018032431602478,0.6018032431602478,0.0,0.2701946794986725,-0.0194898769259452,0.7998266816139221,0.82271409034729,0.6664260029792786,0.6988226175308228,0.7452563643455505,0.7883461713790894,0.863020122051239,0.8602150678634644,0.6071385145187378,0.6257911324501038,0.4358929693698883,0.4553828239440918,0.6908847689628601,0.7411619424819946,0.5415000915527344,0.5415000915527344,0.0
53,148.0042266845703,0.2429382503032684,9.999999747378752e-05,-0.0168146565556526,0.8283291459083557,0.84874427318573,0.7069640755653381,0.7372335195541382,0.7662337422370911,0.8032410740852356,0.901376485824585,0.8997126221656799,2240.64990234375,0.658636748790741,0.6735949516296387,0.4910204112529754,0.5078350305557251,0.7197194695472717,0.7564306259155273,0.6071110963821411,0.6071110963821411,0.0,0.2680359184741974,-0.0196949280798435,0.8028320074081421,0.8264718651771545,0.6706092953681946,0.7042625546455383,0.7418715357780457,0.7847835421562195,0.874707818031311,0.8728377819061279,0.6108636260032654,0.6296098232269287,0.4397434592247009,0.4594383835792541,0.6869751811027527,0.7362827658653259,0.5499350428581238,0.5499350428581238,0.0
54,148.34788513183594,0.2430881410837173,9.999999747378752e-05,-0.0166451837867498,0.8279101848602295,0.8481281995773315,0.7063539028167725,0.7363043427467346,0.7619531750679016,0.7982116937637329,0.9063681960105896,0.9047042727470398,2217.7939453125,0.6581513285636902,0.6729711294174194,0.4904810190200805,0.5071262121200562,0.7196351885795593,0.756044328212738,0.6063465476036072,0.6063465476036072,0.0,0.2723391950130462,-0.0194648411124944,0.7998305559158325,0.8227074146270752,0.6664313673973083,0.6988130807876587,0.7312161326408386,0.7718148231506348,0.8826554417610168,0.8807854056358337,0.6190357804298401,0.6373499631881714,0.4482634663581848,0.467728316783905,0.6750181913375854,0.7201477289199829,0.5716280341148376,0.5716280341148376,0.0
55,148.6142120361328,0.2433362007141113,9.999999747378752e-05,-0.0168488603085279,0.824099063873291,0.8441070318222046,0.7008235454559326,0.7302639484405518,0.7592403888702393,0.7949746251106262,0.90107399225235,0.8997126221656799,2258.9580078125,0.6579397320747375,0.6729435324668884,0.4902460277080536,0.5070949196815491,0.7198971509933472,0.7568231225013733,0.6058018207550049,0.6058018207550049,0.0,0.2701750099658966,-0.0195534266531467,0.8002512454986572,0.822514533996582,0.6670157313346863,0.6985347867012024,0.7246871590614319,0.763410747051239,0.8934081196784973,0.8915380835533142,0.6195525527000427,0.6379352807998657,0.448805570602417,0.4683589935302734,0.676287829875946,0.7216890454292297,0.5715997219085693,0.5715997219085693,0.0
56,148.2667694091797,0.2428068071603775,9.999999747378752e-05,-0.016838077455759,0.8294771909713745,0.8499149680137634,0.7086381912231445,0.7390018701553345,0.763218104839325,0.7994933724403381,0.9083346128463744,0.9071244597434998,2245.78759765625,0.6583995223045349,0.6733836531639099,0.4907567799091339,0.5075948238372803,0.7190486788749695,0.7557823061943054,0.6071856021881104,0.6071856021881104,0.0,0.2725992202758789,-0.0200398918241262,0.8014391660690308,0.8273934125900269,0.6686679124832153,0.7056019306182861,0.7720970511436462,0.8245125412940979,0.8330996036529541,0.8302945494651794,0.5741198658943176,0.594204843044281,0.4026424586772918,0.422682374715805,0.7179408073425293,0.7842385172843933,0.4783040285110473,0.4783040285110473,0.0
57,148.0576934814453,0.240010604262352,9.999999747378752e-06,-0.0171792600303888,0.8296316862106323,0.8495224714279175,0.7088637351989746,0.7384085655212402,0.7625206112861633,0.7979797720909119,0.9096959829330444,0.9081833362579346,2240.64990234375,0.662571132183075,0.6777610182762146,0.4954066276550293,0.5125858783721924,0.7230901718139648,0.7602816224098206,0.6113999485969543,0.6113999485969543,0.0,0.2714010775089264,-0.0197049416601657,0.8047233819961548,0.8293785452842712,0.6732528209686279,0.7084941864013672,0.7559572458267212,0.8027121424674988,0.8602150678634644,0.8578774929046631,0.6050508618354797,0.6239627003669739,0.4337440133094787,0.4534489512443542,0.6922208070755005,0.7438050508499146,0.5373796820640564,0.5373796820640564,0.0
58,148.57254028320312,0.2397554367780685,9.999999747378752e-06,-0.016933973878622,0.8321741223335266,0.8524984121322632,0.7125840187072754,0.742917001247406,0.7638432383537292,0.8000795841217041,0.9139313101768494,0.9122674465179444,2264.05224609375,0.6639973521232605,0.6789410710334778,0.4970030188560486,0.5139369964599609,0.7214632630348206,0.7577046155929565,0.6150105595588684,0.6150105595588684,0.0,0.2683463096618652,-0.019306655973196,0.8029412031173706,0.8250054121017456,0.6707616448402405,0.7021355032920837,0.7291110157966614,0.7677133679389954,0.8934081196784973,0.8915380835533142,0.6175374984741211,0.6357439756393433,0.4466938376426697,0.466000497341156,0.6764790415763855,0.7217646837234497,0.5680438876152039,0.5680438876152039,0.0
59,148.02252197265625,0.2409043312072754,9.999999747378752e-06,-0.0167514011263847,0.8273534774780273,0.8473978042602539,0.7055438160896301,0.7352040410041809,0.7594184279441833,0.7947019934654236,0.9086371064186096,0.9075782895088196,2240.64990234375,0.6612616181373596,0.6761062741279602,0.4939438700675964,0.5106952786445618,0.7218453288078308,0.7581893801689148,0.6100599765777588,0.6100599765777588,0.0,0.268288791179657,-0.019508808851242,0.8048464059829712,0.8284948468208313,0.6734250783920288,0.7072054743766785,0.7490938305854797,0.7930739521980286,0.8695651888847351,0.8672276735305786,0.6083202362060547,0.6269592642784119,0.4371122419834137,0.4566210508346557,0.6854376196861267,0.7346567511558533,0.5468006730079651,0.5468006730079651,0.0
60,147.7227020263672,0.2403192073106765,9.999999747378752e-06,-0.0169248431921005,0.8283427357673645,0.8482875823974609,0.7069838643074036,0.7365446090698242,0.7615121006965637,0.7969684600830078,0.9080320596694946,0.9066706895828248,2235.69580078125,0.6630764603614807,0.6780326962471008,0.4959718585014343,0.512896716594696,0.7215577363967896,0.7579447627067566,0.6133641004562378,0.6133641004562378,0.0,0.2676286101341247,-0.0195941478013992,0.7984140515327454,0.8205459117889404,0.6644668579101562,0.6956996917724609,0.7210704684257507,0.759347677230835,0.8943431377410889,0.8924731016159058,0.6206786036491394,0.6390692591667175,0.4499883651733398,0.4695825278759002,0.6762214303016663,0.7214605808258057,0.5735674500465393,0.5735674500465393,0.0
61,147.72747802734375,0.2386234253644943,9.999999747378752e-06,-0.0168810933828353,0.8304699063301086,0.8513351082801819,0.7100884914398193,0.7411518096923828,0.7635117769241333,0.8004794716835022,0.9103010296821594,0.9090909361839294,2245.78759765625,0.6647086143493652,0.6795904040336609,0.4978004395961761,0.5146815180778503,0.7245019674301147,0.7608205080032349,0.6140323877334595,0.6140323877334595,0.0,0.2692689597606659,-0.0190669801086187,0.7954877614974976,0.8165019154548645,0.6604231595993042,0.68990558385849,0.7190332412719727,0.7554671764373779,0.8901355862617493,0.8882655501365662,0.6229637861251831,0.6408072710037231,0.4523946642875671,0.4714616239070892,0.6675809025764465,0.7099500298500061,0.5839369893074036,0.5839369893074036,0.0
62,147.73802185058594,0.2393773943185806,9.999999747378752e-06,-0.0169195458292961,0.830077052116394,0.8503069877624512,0.7095142602920532,0.7395948171615601,0.7612618207931519,0.7970362305641174,0.9125699400901794,0.9112085700035096,2235.69580078125,0.6639930605888367,0.6789243221282959,0.4969982504844665,0.5139178037643433,0.7197530269622803,0.7557879686355591,0.6162514686584473,0.6162514686584473,0.0,0.268092006444931,-0.0193785987794399,0.7968621253967285,0.8180853128433228,0.6623198390007019,0.6921695470809937,0.7134935259819031,0.7492223978042603,0.9022907614707948,0.9008882641792296,0.6225476861000061,0.6406897902488708,0.4519559144973755,0.4713345170021057,0.6715368628501892,0.7152299880981445,0.5802201628684998,0.5802201628684998,0.0
63,147.6558074951172,0.2390545159578323,9.999999747378752e-06,-0.0169961228966712,0.8285280466079712,0.8489137291908264,0.7072538733482361,0.7374892234802246,0.7615062594413757,0.7976064085960388,0.9084858298301696,0.9072757363319396,2222.08837890625,0.6650835871696472,0.6800572872161865,0.4982211589813232,0.5152173042297363,0.7229433059692383,0.7592886090278625,0.6157990097999573,0.6157990097999573,0.0,0.2698437571525574,-0.0189316198229789,0.7901840209960938,0.8104245662689209,0.6531440019607544,0.6812720894813538,0.7022900581359863,0.7361588478088379,0.9032257795333862,0.901355803012848,0.624922513961792,0.6425908803939819,0.4544634819030761,0.4733951091766357,0.6621777415275574,0.7031497955322266,0.591636061668396,0.591636061668396,0.0
64,148.28721618652344,0.2399356067180633,9.999999747378752e-06,-0.0169815439730882,0.8291304707527161,0.8497914671897888,0.708132266998291,0.7388151288032532,0.7613564729690552,0.7976379990577698,0.9101497530937196,0.9092421531677246,2245.78759765625,0.6642370223999023,0.6792169213294983,0.4972716271877289,0.5142531394958496,0.7230502367019653,0.7595183849334717,0.614271879196167,0.614271879196167,0.0,0.269538551568985,-0.0188612136989831,0.793592095375061,0.814267635345459,0.657814085483551,0.6867212653160095,0.7076923251152039,0.7422085404396057,0.9032257795333862,0.9018232822418212,0.6265775561332703,0.6441389322280884,0.4562161862850189,0.4750774204730987,0.6631808876991272,0.7037985324859619,0.5938034057617188,0.5938034057617188,0.0
65,148.5459442138672,0.239676833152771,9.999999747378752e-06,-0.0168431289494037,0.8305643200874329,0.8506863713264465,0.7102265954017639,0.7401690483093262,0.760402262210846,0.7956281304359436,0.9149901866912842,0.9139313101768494,2235.6953125,0.6650682091712952,0.6799089312553406,0.4982038736343384,0.515047013759613,0.7222080826759338,0.7581486701965332,0.6163070201873779,0.6163070201873779,0.0,0.2720601260662079,-0.0198523197323083,0.8012192249298096,0.8249045014381409,0.6683617830276489,0.7019892930984497,0.7497962713241577,0.7943723201751709,0.8602150678634644,0.8578774929046631,0.5997514128684998,0.6189467906951904,0.4283177852630615,0.4481700956821441,0.6966577768325806,0.750747561454773,0.5265125036239624,0.5265125036239624,0.0
66,148.31838989257812,0.2393691837787628,9.999999747378752e-06,-0.0168768968433141,0.8288873434066772,0.8496026992797852,0.7077776193618774,0.7385298609733582,0.7630741596221924,0.800000011920929,0.9071244597434998,0.9057631492614746,2258.9580078125,0.6641656160354614,0.6790558099746704,0.4971915781497955,0.5140684843063354,0.7231113910675049,0.7593696117401123,0.6141056418418884,0.6141056418418884,0.0,0.2685683965682983,-0.0197905004024505,0.8035405874252319,0.8270944952964783,0.6715986728668213,0.7051671743392944,0.7464901804924011,0.790123462677002,0.8700327277183533,0.8676952123641968,0.6079469919204712,0.626861572265625,0.4367268979549408,0.4565173983573913,0.6901059746742249,0.7408563494682312,0.5432693362236023,0.5432693362236023,0.0
67,148.19700622558594,0.2405446320772171,9.999999747378752e-06,-0.0169572029262781,0.828388512134552,0.8482710123062134,0.7070505023002625,0.7365196347236633,0.760106086730957,0.795078694820404,0.9101497530937196,0.9090909361839294,2252.43115234375,0.6625697612762451,0.6775655746459961,0.4954051077365875,0.5123623013496399,0.7222479581832886,0.7588635683059692,0.6120011210441589,0.6120011210441589,0.0,0.2692121863365173,-0.0201121438294649,0.804552435874939,0.828849196434021,0.6730135679244995,0.707722008228302,0.7563785910606384,0.8025394082069397,0.8592800498008728,0.8569424748420715,0.6001009345054626,0.6195343732833862,0.4286743998527527,0.4487865567207336,0.6998310685157776,0.755073606967926,0.5252496600151062,0.5252496600151062,0.0
68,148.2533721923828,0.2394048124551773,9.999999747378752e-06,-0.0168200321495533,0.8312962055206299,0.8515342473983765,0.7112975716590881,0.7414537668228149,0.7648030519485474,0.8010666370391846,0.9104522466659546,0.9087883830070496,2245.78759765625,0.6644310355186462,0.6792657375335693,0.4974891245365143,0.5143091678619385,0.7227460145950317,0.7587981820106506,0.6148238182067871,0.6148238182067871,0.0,0.2685967981815338,-0.0194238908588886,0.7947269082069397,0.8164584040641785,0.659375011920929,0.689843475818634,0.7193182110786438,0.7570914626121521,0.887798011302948,0.8859279751777649,0.6170229315757751,0.6353520750999451,0.4461555778980255,0.465579479932785,0.6758796572685242,0.7214779853820801,0.5675957202911377,0.5675957202911377,0.0
69,148.37948608398438,0.2398089468479156,9.999999747378752e-06,-0.0168008841574192,0.8278519511222839,0.8479458093643188,0.7062690854072571,0.7360293865203857,0.7593083381652832,0.7949702143669128,0.9099984765052797,0.9084858298301696,2229.04638671875,0.662756621837616,0.6776115894317627,0.49561408162117,0.5124149918556213,0.7214854955673218,0.7576482892036438,0.612869143486023,0.612869143486023,0.0,0.2689096629619598,-0.0199372433125972,0.8048034906387329,0.8290482759475708,0.6733649969100952,0.7080123424530029,0.755018413066864,0.8008714318275452,0.8616175651550293,0.8592800498008728,0.6038219928741455,0.6229872107505798,0.4324820935726166,0.4524193406105041,0.694438636302948,0.7473191618919373,0.5341246128082275,0.5341246128082275,0.0
70,148.2276611328125,0.2401947677135467,9.999999747378752e-06,-0.0169976260513067,0.8280280828475952,0.8481549620628357,0.7065255641937256,0.7363446950912476,0.7603441476821899,0.7961512804031372,0.9089396595954896,0.9074270129203796,2212.78173828125,0.6637027859687805,0.6787086129188538,0.496673047542572,0.5136706829071045,0.7227699756622314,0.7593351006507874,0.6135605573654175,0.6135605573654175,0.0,0.2688733339309692,-0.0192089546471834,0.7997496724128723,0.821206271648407,0.6663190722465515,0.6966496706008911,0.7220339179039001,0.7591269612312317,0.896213173866272,0.8943431377410889,0.6206573843955994,0.6386918425559998,0.4499660730361938,0.4691750407218933,0.6705886125564575,0.7141641974449158,0.5776465535163879,0.5776465535163879,0.0
71,148.00588989257812,0.2386007457971573,9.999999747378752e-06,-0.0169873144477605,0.8317036032676697,0.8514935374259949,0.7118943929672241,0.7413920164108276,0.7633674740791321,0.7985430359840393,0.9134775400161744,0.9119648933410645,2252.43115234375,0.6654316782951355,0.680389940738678,0.4986119568347931,0.515599250793457,0.7222853302955627,0.7584850788116455,0.6168752908706665,0.6168752908706665,0.0,0.2686707973480224,-0.0199886057525873,0.8042826652526855,0.8277385234832764,0.672636091709137,0.7061039805412292,0.7419992089271545,0.7844286561012268,0.8779803514480591,0.876110315322876,0.6057448983192444,0.6249062418937683,0.4344576895236969,0.4544463157653808,0.6914682388305664,0.7435176372528076,0.5389319062232971,0.5389319062232971,0.0
72,148.1962432861328,0.2392236143350601,9.999999747378752e-06,-0.0168799068778753,0.8295837640762329,0.8497248291969299,0.7087938189506531,0.7387143969535828,0.760853111743927,0.7962448596954346,0.9119648933410645,0.9109060764312744,2235.69580078125,0.6647005081176758,0.6795814037322998,0.4977913200855255,0.5146712064743042,0.722718358039856,0.7588526606559753,0.6153054237365723,0.6153054237365723,0.0,0.2720233201980591,-0.0194481760263443,0.8007654547691345,0.8232201337814331,0.6677305102348328,0.6995532512664795,0.7343993782997131,0.7745259404182434,0.8803179264068604,0.8784478902816772,0.6099655628204346,0.6285037994384766,0.4388132393360138,0.4582614302635193,0.6839932799339294,0.7324454188346863,0.5503968000411987,0.5503968000411987,0.0
73,148.39999389648438,0.2392488718032837,9.999999747378752e-06,-0.0169449020177125,0.8313434720039368,0.8516901135444641,0.7113668322563171,0.7416901588439941,0.7607685327529907,0.7968111634254456,0.916351556777954,0.9146876335144044,2222.08837890625,0.6647399663925171,0.6796767115592957,0.4978356063365936,0.5147805213928223,0.721206784248352,0.7573204040527344,0.6164732575416565,0.6164732575416565,0.0,0.2679504156112671,-0.0196920223534107,0.8032230734825134,0.8256118893623352,0.6711552143096924,0.7030144929885864,0.7349631190299988,0.7751333713531494,0.8854604959487915,0.883122980594635,0.6136155724525452,0.6322853565216064,0.4426012933254242,0.4622933268547058,0.6828349828720093,0.7308650016784668,0.5571380853652954,0.5571380853652954,0.0
74,148.22718811035156,0.2391796857118606,9.999999747378752e-06,-0.0169679392129182,0.830425500869751,0.8506544232368469,0.7100235819816589,0.7401206493377686,0.7631178498268127,0.7990430593490601,0.9107547998428344,0.9093934297561646,2240.64990234375,0.664800763130188,0.6797561645507812,0.4979037642478943,0.5148717164993286,0.7229280471801758,0.7592583894729614,0.6153252720832825,0.6153252720832825,0.0,0.2698550820350647,-0.0199294947087764,0.8022747039794922,0.8266666531562805,0.6698319911956787,0.7045454382896423,0.7538018822669983,0.8000875115394592,0.8574100136756897,0.8550724387168884,0.5979767441749573,0.6172943115234375,0.4265098869800567,0.4464393854141235,0.6976743340492249,0.7526336312294006,0.5232101082801819,0.5232101082801819,0.0
75,147.52020263671875,0.2392894029617309,9.999999747378752e-06,-0.0168953891843557,0.8310546278953552,0.8512018322944641,0.7109439373016357,0.740949809551239,0.7613292932510376,0.7969905138015747,0.9148389101028442,0.9133262634277344,2231.7626953125,0.6649930477142334,0.6798810362815857,0.4981195628643036,0.5150149464607239,0.7220118641853333,0.7580582499504089,0.6163209080696106,0.6163209080696106,0.0,0.2690880000591278,-0.0195012744516134,0.801703929901123,0.8234261870384216,0.6690366268157959,0.699850857257843,0.7363067269325256,0.7756198048591614,0.8798503875732422,0.8775128722190857,0.6065701842308044,0.6252486705780029,0.4353072941303253,0.4548085927963257,0.6872292757034302,0.7371271848678589,0.542855978012085,0.542855978012085,0.0
76,148.33480834960938,0.2391618639230728,9.999999974752427e-07,-0.0168290603905916,0.8322082757949829,0.8522807359695435,0.7126342058181763,0.7425864338874817,0.7640065550804138,0.7992318868637085,0.9137800931930542,0.9128724932670592,2219.546875,0.664237380027771,0.6790841817855835,0.4972719848155975,0.5141010284423828,0.7214319705963135,0.7574018239974976,0.6154453158378601,0.6154453158378601,0.0,0.2695604264736175,-0.0189222171902656,0.7920065522193909,0.8123953342437744,0.6556380987167358,0.6840620636940002,0.7023507952690125,0.7356845140457153,0.907900869846344,0.9069658517837524,0.625858724117279,0.6434944868087769,0.455454409122467,0.4743766486644745,0.6621729135513306,0.7029383778572083,0.5933204293251038,0.5933204293251038,0.0
77,147.8909912109375,0.2392912358045578,9.999999974752427e-07,-0.0167863052338361,0.8309364914894104,0.8504514694213867,0.7107710242271423,0.7398134469985962,0.762181282043457,0.796827495098114,0.9133262634277344,0.9118136167526244,2212.78173828125,0.6635391712188721,0.6783641576766968,0.4964898228645324,0.5132761001586914,0.7234135866165161,0.7596104741096497,0.6128183603286743,0.6128183603286743,0.0,0.2683392465114593,-0.0201023034751415,0.8061538338661194,0.8313636183738708,0.6752577424049377,0.711396336555481,0.7606801986694336,0.8089340925216675,0.8574100136756897,0.8550724387168884,0.597121000289917,0.6166272759437561,0.4256396889686584,0.4457419812679291,0.7010502219200134,0.7573023438453674,0.5200279355049133,0.5200279355049133,0.0
78,148.037353515625,0.2382243126630783,9.999999974752427e-07,-0.0167960636317729,0.8318244218826294,0.8519769310951233,0.712071418762207,0.7421252727508545,0.760948657989502,0.7963961362838745,0.9172590970993042,0.9158977270126344,2235.69580078125,0.664445698261261,0.679259181022644,0.4975055754184723,0.5143016576766968,0.7208701968193054,0.756676435470581,0.6162130236625671,0.6162130236625671,0.0,0.2696580588817596,-0.0194735322147607,0.8016176819801331,0.824226438999176,0.6689165234565735,0.7010078430175781,0.7358343005180359,0.7766749262809753,0.8803179264068604,0.8779803514480591,0.613150954246521,0.6316286325454712,0.4421179890632629,0.4615915417671203,0.6823272109031677,0.7298468351364136,0.5567100644111633,0.5567100644111633,0.0
79,147.66989135742188,0.2385255396366119,9.999999974752427e-07,-0.0168848298490047,0.8300199508666992,0.8496298789978027,0.7094308733940125,0.7385709285736084,0.7611657977104187,0.7956165671348572,0.9125699400901794,0.9115111231803894,2240.64990234375,0.6648299694061279,0.6797122955322266,0.4979365170001983,0.5148213505744934,0.7229201793670654,0.7590640783309937,0.6153810024261475,0.6153810024261475,0.0,0.2687653005123138,-0.0192958451807498,0.7973421812057495,0.8190557360649109,0.6629834175109863,0.6935600638389587,0.7172207832336426,0.7541306018829346,0.8976157307624817,0.896213173866272,0.6195197105407715,0.6376643776893616,0.4487711489200592,0.4680669903755188,0.6721107363700867,0.7163379788398743,0.5745616555213928,0.5745616555213928,0.0
80,147.77130126953125,0.2382065802812576,9.999999974752427e-07,-0.0169290713965892,0.8312944769859314,0.8517547249794006,0.7112950682640076,0.7417880892753601,0.7653346657752991,0.8015745878219604,0.9096959829330444,0.9086371064186096,2235.69580078125,0.6667201519012451,0.6815990805625916,0.5000601410865784,0.5169892311096191,0.7227828502655029,0.7586917877197266,0.6187283992767334,0.6187283992767334,0.0,0.269317090511322,-0.0188479553908109,0.7949303984642029,0.8158119916915894,0.6596551537513733,0.6889209747314453,0.7154076099395752,0.7512789964675903,0.8943431377410889,0.8924731016159058,0.6225781440734863,0.6402290463447571,0.451988011598587,0.4708359539508819,0.665459394454956,0.7071359753608704,0.584888756275177,0.584888756275177,0.0
81,147.97518920898438,0.2393161505460739,9.999999974752427e-07,-0.0167593620717525,0.8284731507301331,0.8484421372413635,0.7071738839149475,0.736777663230896,0.7596166133880615,0.7944554686546326,0.9110573530197144,0.9103010296821594,2252.43115234375,0.662315309047699,0.6771436929702759,0.495120644569397,0.5118800401687622,0.7194729447364807,0.7554128766059875,0.6135709285736084,0.6135709285736084,0.0,0.2684944868087768,-0.019538078457117,0.8013525009155273,0.8240417838096619,0.6685472726821899,0.7007407546043396,0.7311993837356567,0.7713004350662231,0.8863955140113831,0.8845254778862,0.6128418445587158,0.6313881874084473,0.4417966306209564,0.4613347351551056,0.682505190372467,0.7302846908569336,0.5560824275016785,0.5560824275016785,0.0
82,147.8892822265625,0.2373204380273819,9.999999974752427e-07,-0.0169451758265495,0.8322784900665283,0.8517265915870667,0.7127371430397034,0.7417454123497009,0.7632807493209839,0.7973347306251526,0.9149901866912842,0.9140825867652892,2252.43115234375,0.6673510074615479,0.6822299361228943,0.5007702708244324,0.5177154541015625,0.7238433957099915,0.7597897052764893,0.6190381646156311,0.6190381646156311,0.0,0.2694369852542877,-0.0198395643383264,0.8028720617294312,0.8269662857055664,0.6706652045249939,0.7049808502197266,0.7509157657623291,0.7961921095848083,0.8625525832176208,0.8602150678634644,0.5995609164237976,0.6187493205070496,0.4281235039234161,0.4479630589485168,0.6966532468795776,0.7507582902908325,0.5262215733528137,0.5262215733528137,0.0
83,148.16200256347656,0.2382818460464477,9.999999974752427e-07,-0.0169364009052515,0.831451416015625,0.8513942956924438,0.7115248441696167,0.7412415742874146,0.7630481719970703,0.7982525825500488,0.9133262634277344,0.9121161699295044,2252.43115234375,0.6659983992576599,0.6808997392654419,0.4992485642433166,0.5161849856376648,0.723690927028656,0.7598292231559753,0.6168252229690552,0.6168252229690552,0.0,0.2685145139694214,-0.0198862645775079,0.8027562499046326,0.8264058828353882,0.6705036163330078,0.7041666507720947,0.7441117763519287,0.7877118587493896,0.8714352250099182,0.8690977096557617,0.6058824062347412,0.6249432563781738,0.4345991909503937,0.4544854462146759,0.6929718852043152,0.7449457049369812,0.5382390022277832,0.5382390022277832,0.0
84,147.9258575439453,0.238579124212265,9.999999974752427e-07,-0.016924325376749,0.8322166204452515,0.8522824048995972,0.7126464247703552,0.7425889372825623,0.7658275961875916,0.8019207715988159,0.9112085700035096,0.9093934297561646,2235.69580078125,0.6647679209709167,0.6796860694885254,0.4978669583797455,0.5147912502288818,0.7233080267906189,0.7595881223678589,0.6149940490722656,0.6149940490722656,0.0,0.2692967355251312,-0.0197181738913059,0.8007542490959167,0.822514533996582,0.6677148938179016,0.6985347867012024,0.7255125045776367,0.763410747051239,0.8934081196784973,0.8915380835533142,0.6138561367988586,0.6325439810752869,0.4428516924381256,0.4625698626041412,0.6817057132720947,0.7295798659324646,0.5582900643348694,0.5582900643348694,0.0
85,147.9733428955078,0.2382209599018097,9.999999974752427e-07,-0.0168632771819829,0.8317595720291138,0.8514067530632019,0.7119764089584351,0.7412604689598083,0.7639908790588379,0.7992036938667297,0.9127212166786194,0.9109060764312744,2264.05224609375,0.6663450002670288,0.6811750531196594,0.4996382296085357,0.5165014863014221,0.7230836749076843,0.7589438557624817,0.6178628206253052,0.6178628206253052,0.0,0.2688453197479248,-0.019458208233118,0.8009240031242371,0.8224864602088928,0.6679509878158569,0.6984943151473999,0.7270300984382629,0.765084445476532,0.8915380835533142,0.8892005681991577,0.6125699281692505,0.6310486793518066,0.441514104604721,0.4609723091125488,0.6803707480430603,0.7277060747146606,0.5570576190948486,0.5570576190948486,0.0
86,147.96206665039062,0.2382643222808838,9.999999974752427e-07,-0.0166332386434078,0.8290169835090637,0.8490313291549683,0.707966685295105,0.7376667857170105,0.759375810623169,0.7945675253868103,0.9127212166786194,0.9115111231803894,2235.69580078125,0.6651238203048706,0.6797804832458496,0.4982663094997406,0.5148995518684387,0.7231588363647461,0.7587313055992126,0.6157116889953613,0.6157116889953613,0.0,0.268743485212326,-0.0192825440317392,0.7955065369606018,0.8171306252479553,0.6604490280151367,0.6908037662506104,0.7166416645050049,0.7538522481918335,0.8938756585121155,0.8920056223869324,0.622559130191803,0.6406121850013733,0.4519679546356201,0.4712505042552948,0.6697186827659607,0.7129455804824829,0.5816043019294739,0.5816043019294739,0.0
87,147.92735290527344,0.2378345280885696,1.0000000116860974e-07,-0.0170732624828815,0.8328970670700073,0.8531448841094971,0.7136449217796326,0.743899405002594,0.7646389007568359,0.8006367087364197,0.9145363569259644,0.9130237698554992,2240.64990234375,0.6663898825645447,0.6814014911651611,0.4996886551380157,0.5167618989944458,0.7216171622276306,0.7577724456787109,0.6190149784088135,0.6190149784088135,0.0,0.2711587250232696,-0.0195359978824853,0.801017165184021,0.8233238458633423,0.6680805683135986,0.6997030377388,0.7325581312179565,0.7725409865379333,0.8835904598236084,0.8812529444694519,0.6156789660453796,0.6341480612754822,0.4447515904903412,0.4642875790596008,0.6796157360076904,0.7263160943984985,0.5627378225326538,0.5627378225326538,0.0
88,148.25352478027344,0.2382311522960662,1.0000000116860974e-07,-0.0169316418468952,0.8307268619537354,0.8502013087272644,0.7104642987251282,0.7394348978996277,0.7627783417701721,0.7974298000335693,0.9119648933410645,0.9104522466659546,2229.04638671875,0.6671284437179565,0.6820005774497986,0.5005196928977966,0.5174513459205627,0.7226084470748901,0.7584371566772461,0.6195602416992188,0.6195602416992188,0.0,0.2681105136871338,-0.0193253383040428,0.7981555461883545,0.8203799724578857,0.6641088128089905,0.6954612135887146,0.7234042286872864,0.7621339559555054,0.8901355862617493,0.8882655501365662,0.6204196214675903,0.638568103313446,0.4497162103652954,0.4690415561199188,0.6726258993148804,0.716797947883606,0.5757337212562561,0.5757337212562561,0.0
89,147.65098571777344,0.2385386526584625,1.0000000116860974e-07,-0.0168476086109876,0.8299814462661743,0.8498838543891907,0.7093746066093445,0.7389548420906067,0.7597386240959167,0.7946828007698059,0.9145363569259644,0.9133262634277344,2229.04638671875,0.6653947830200195,0.6802322268486023,0.4985705018043518,0.5154181122779846,0.7218761444091797,0.7577380537986755,0.617110550403595,0.617110550403595,0.0,0.2718757092952728,-0.0192684549838304,0.803682267665863,0.8266725540161133,0.6717966794967651,0.70455402135849,0.7413111925125122,0.783263623714447,0.8775128722190857,0.8751752972602844,0.6133794188499451,0.6316591501235962,0.4423556625843048,0.4616241157054901,0.6801354289054871,0.7267782092094421,0.5585565567016602,0.5585565567016602,0.0
90,147.90904235839844,0.2373683899641037,1.0000000116860974e-07,-0.0167939197272062,0.8316477537155151,0.85159832239151,0.7118124961853027,0.7415509223937988,0.7627460956573486,0.7981481552124023,0.9142338633537292,0.9127212166786194,2245.78759765625,0.6677868962287903,0.6825248599052429,0.501261293888092,0.518055260181427,0.7232246398925781,0.7587109804153442,0.6202430725097656,0.6202430725097656,0.0,0.2694891691207886,-0.0193118676543235,0.7995712757110596,0.8223844170570374,0.6660714149475098,0.6983470916748047,0.7383214831352234,0.780436635017395,0.8719027638435364,0.8690977096557617,0.6112817525863647,0.6296571493148804,0.4401769340038299,0.4594888091087341,0.6816087365150452,0.7290568351745605,0.5541098117828369,0.5541098117828369,0.0
91,148.06253051757812,0.2390297353267669,1.0000000116860974e-07,-0.0167774390429258,0.8300509452819824,0.850799024105072,0.7094761729240417,0.7403396368026733,0.7618505954742432,0.7988315224647522,0.9116623997688292,0.9099984765052797,2240.64990234375,0.6653658151626587,0.6801427602767944,0.4985379874706268,0.5153154134750366,0.7207275032997131,0.7563261985778809,0.6179025173187256,0.6179025173187256,0.0,0.268614798784256,-0.0194635353982448,0.8014440536499023,0.8238126635551453,0.6686747074127197,0.7004093527793884,0.734241247177124,0.7744855880737305,0.8821879625320435,0.8798503875732422,0.6107234358787537,0.6292560696601868,0.4395981729030609,0.459061712026596,0.6821472644805908,0.7301877737045288,0.5528388023376465,0.5528388023376465,0.0
92,147.6627655029297,0.2380497455596923,1.0000000116860974e-07,-0.0168661940842866,0.8290939331054688,0.8491856455802917,0.708078920841217,0.7378997802734375,0.7599244117736816,0.7952984571456909,0.9121161699295044,0.9109060764312744,2240.64990234375,0.6660202145576477,0.6808599829673767,0.4992730915546417,0.5161392688751221,0.7228747010231018,0.7587741613388062,0.6174569129943848,0.6174569129943848,0.0,0.2691254913806915,-0.0197163801640272,0.8052117228507996,0.82914799451828,0.6739367246627808,0.7081577777862549,0.7518247961997986,0.7966393828392029,0.8667601943016052,0.864422619342804,0.6088085770606995,0.6276301145553589,0.4376166760921478,0.4573330581188202,0.6867714524269104,0.7366081476211548,0.5467419624328613,0.5467419624328613,0.0
93,147.986328125,0.2386525571346283,1.0000000116860974e-07,-0.0169872622936964,0.8309211730957031,0.8499929904937744,0.7107486724853516,0.739119827747345,0.7601656913757324,0.7939593195915222,0.9162002801895142,0.9145363569259644,2245.78759765625,0.6659489870071411,0.6808956861495972,0.4991930425167084,0.5161803364753723,0.722154974937439,0.7582542896270752,0.6178603768348694,0.6178603768348694,0.0,0.2689049541950226,-0.0192437060177326,0.7990002036094666,0.8206556439399719,0.6652792096138,0.695857584476471,0.7205109000205994,0.7575158476829529,0.8966807126998901,0.8952781558036804,0.6169775128364563,0.6351400017738342,0.4461080431938171,0.4653517603874206,0.6745879650115967,0.7195854783058167,0.5684327483177185,0.5684327483177185,0.0
94,147.8082275390625,0.2382806837558746,1.0000000116860974e-07,-0.0171030182391405,0.8319911956787109,0.8519406914710999,0.7123158574104309,0.7420703172683716,0.7633240818977356,0.7985183000564575,0.9142338633537292,0.9130237698554992,2207.87646484375,0.6675679087638855,0.6825790405273438,0.5010145902633667,0.5181176066398621,0.7232550978660583,0.759444534778595,0.6198429465293884,0.6198429465293884,0.0,0.2700317203998565,-0.0193800460547208,0.8034042716026306,0.8253341913223267,0.6714082360267639,0.7026119232177734,0.7372120022773743,0.7768151760101318,0.8826554417610168,0.8803179264068604,0.6135909557342529,0.6319695115089417,0.4425756931304931,0.461955726146698,0.6810381412506104,0.7280375361442566,0.5582993030548096,0.5582993030548096,0.0
95,,,,,,,,,,,,,,,,,,,,,,,,,,,,,,,,,,,,,,,,,
